-- phpMyAdmin SQL Dump
-- version 5.2.1
-- https://www.phpmyadmin.net/
--
-- Host: localhost:3306
-- Generation Time: Jan 16, 2024 at 05:22 AM
-- Server version: 10.6.16-MariaDB
-- PHP Version: 8.1.26

SET SQL_MODE = "NO_AUTO_VALUE_ON_ZERO";
START TRANSACTION;
SET time_zone = "+00:00";


/*!40101 SET @OLD_CHARACTER_SET_CLIENT=@@CHARACTER_SET_CLIENT */;
/*!40101 SET @OLD_CHARACTER_SET_RESULTS=@@CHARACTER_SET_RESULTS */;
/*!40101 SET @OLD_COLLATION_CONNECTION=@@COLLATION_CONNECTION */;
/*!40101 SET NAMES utf8mb4 */;

--
-- Database: `sohibdc1_sohibd`
--

-- --------------------------------------------------------

--
-- Table structure for table `districts`
--

CREATE TABLE `districts` (
  `id` bigint(20) UNSIGNED NOT NULL,
  `division_id` bigint(20) UNSIGNED DEFAULT NULL,
  `slug` varchar(255) NOT NULL,
  `district` varchar(255) NOT NULL,
  `bndistrict` varchar(255) NOT NULL,
  `screma` mediumtext DEFAULT NULL,
  `metadescription` varchar(160) DEFAULT NULL,
  `photo` varchar(255) DEFAULT NULL,
  `status` tinyint(4) NOT NULL DEFAULT 1,
  `view` bigint(20) NOT NULL DEFAULT 0,
  `created_at` timestamp NULL DEFAULT NULL,
  `updated_at` timestamp NULL DEFAULT NULL
) ENGINE=InnoDB DEFAULT CHARSET=utf8mb4 COLLATE=utf8mb4_unicode_ci;

--
-- Dumping data for table `districts`
--

INSERT INTO `districts` (`id`, `division_id`, `slug`, `district`, `bndistrict`, `screma`, `metadescription`, `photo`, `status`, `view`, `created_at`, `updated_at`) VALUES
(1, 3, 'dhaka', 'Dhaka', 'dhaka', NULL, NULL, NULL, 1, 0, '2022-01-10 16:18:40', '2022-01-10 16:18:40'),
(2, 3, 'faridpur', 'Faridpur', 'faridpur', NULL, NULL, NULL, 1, 0, '2022-01-10 16:18:40', '2022-01-10 16:18:40'),
(3, 3, 'gazipur', 'Gazipur', 'gazipur', NULL, NULL, NULL, 1, 0, '2022-01-10 16:18:40', '2022-01-10 16:18:40'),
(4, 3, 'gopalganj', 'Gopalganj', 'gopalganj', NULL, NULL, NULL, 1, 0, '2022-01-10 16:18:40', '2022-01-10 16:18:40'),
(5, 3, 'kishoreganj', 'Kishoreganj', 'kishoreganj', NULL, NULL, NULL, 1, 0, '2022-01-10 16:18:40', '2022-01-10 16:18:40'),
(6, 3, 'madaripur', 'Madaripur', 'madaripur', NULL, NULL, NULL, 1, 0, '2022-01-10 16:18:40', '2022-01-10 16:18:40'),
(7, 3, 'manikganj', 'Manikganj', 'manikganj', NULL, NULL, NULL, 1, 0, '2022-01-10 16:18:40', '2022-01-10 16:18:40'),
(8, 3, 'munshiganj', 'Munshiganj', 'munshiganj', NULL, NULL, NULL, 1, 0, '2022-01-10 16:18:40', '2022-01-10 16:18:40'),
(9, 3, 'narayanganj', 'Narayanganj', 'narayanganj', NULL, NULL, NULL, 1, 0, '2022-01-10 16:18:40', '2022-01-10 16:18:40'),
(10, 3, 'narsingdi', 'Narsingdi', 'narsingdi', NULL, NULL, NULL, 1, 0, '2022-01-10 16:18:40', '2022-01-10 16:18:40'),
(11, 3, 'rajbari', 'Rajbari', 'rajbari', NULL, NULL, NULL, 1, 0, '2022-01-10 16:18:40', '2022-01-10 16:18:40'),
(12, 3, 'shariatpur', 'Shariatpur', 'shariatpur', NULL, NULL, NULL, 1, 0, '2022-01-10 16:18:40', '2022-01-10 16:18:40'),
(13, 3, 'tangail', 'Tangail', 'tangail', NULL, NULL, NULL, 1, 0, '2022-01-10 16:18:40', '2022-01-10 16:18:40'),
(14, 1, 'barguna', 'Barguna', 'barguna', NULL, NULL, NULL, 1, 0, '2022-01-10 16:28:31', '2022-01-10 16:28:31'),
(15, 1, 'barishal', 'Barishal', 'barishal', NULL, NULL, NULL, 1, 0, '2022-01-10 16:28:31', '2022-01-10 16:28:31'),
(16, 1, 'bhola', 'Bhola', 'bhola', NULL, NULL, NULL, 1, 0, '2022-01-10 16:28:32', '2022-01-10 16:28:32'),
(17, 1, 'jhalokati', 'Jhalokati', 'jhalokati', NULL, NULL, NULL, 1, 0, '2022-01-10 16:28:32', '2022-01-10 16:28:32'),
(18, 1, 'patuakhali', 'Patuakhali', 'patuakhali', NULL, NULL, NULL, 1, 0, '2022-01-10 16:28:32', '2022-01-10 16:28:32'),
(19, 1, 'pirojpur', 'Pirojpur', 'pirojpur', NULL, NULL, NULL, 1, 0, '2022-01-10 16:28:32', '2022-01-10 16:28:32'),
(20, 5, 'jamalpur', 'Jamalpur', 'jamalpur', NULL, NULL, NULL, 1, 0, '2022-01-10 16:28:37', '2022-01-10 16:28:37'),
(21, 5, 'mymensingh', 'Mymensingh', 'mymensingh', NULL, NULL, NULL, 1, 0, '2022-01-10 16:28:37', '2022-01-10 16:28:37'),
(22, 5, 'netrokona', 'Netrokona', 'netrokona', NULL, NULL, NULL, 1, 0, '2022-01-10 16:28:37', '2022-01-10 16:28:37'),
(23, 5, 'sherpur', 'Sherpur', 'sherpur', NULL, NULL, NULL, 1, 0, '2022-01-10 16:28:37', '2022-01-10 16:28:37'),
(24, 2, 'bandarban', 'Bandarban', 'bandarban', NULL, NULL, NULL, 1, 0, '2022-01-10 16:28:41', '2022-01-10 16:28:41'),
(25, 2, 'brahmanbaria', 'Brahmanbaria', 'brahmanbaria', NULL, NULL, NULL, 1, 0, '2022-01-10 16:28:41', '2022-01-10 16:28:41'),
(26, 2, 'chandpur', 'Chandpur', 'chandpur', NULL, NULL, NULL, 1, 0, '2022-01-10 16:28:41', '2022-01-10 16:28:41'),
(27, 2, 'chattogram', 'Chattogram', 'chattogram', NULL, NULL, NULL, 1, 0, '2022-01-10 16:28:41', '2022-01-10 16:28:41'),
(28, 2, 'coxs-bazar', 'Cox\'s Bazar', 'coxs-bazar', NULL, NULL, NULL, 1, 0, '2022-01-10 16:28:42', '2022-01-10 16:28:42'),
(29, 2, 'cumilla', 'Cumilla', 'cumilla', NULL, NULL, NULL, 1, 0, '2022-01-10 16:28:42', '2022-01-10 16:28:42'),
(30, 2, 'feni', 'Feni', 'feni', NULL, NULL, NULL, 1, 0, '2022-01-10 16:28:42', '2022-01-10 16:28:42'),
(31, 2, 'khagrachari', 'Khagrachari', 'khagrachari', NULL, NULL, NULL, 1, 0, '2022-01-10 16:28:42', '2022-01-10 16:28:42'),
(32, 2, 'lakshmipur', 'Lakshmipur', 'lakshmipur', NULL, NULL, NULL, 1, 0, '2022-01-10 16:28:42', '2022-01-10 16:28:42'),
(33, 2, 'noakhali', 'Noakhali', 'noakhali', NULL, NULL, NULL, 1, 0, '2022-01-10 16:28:42', '2022-01-10 16:28:42'),
(34, 2, 'rangamati', 'Rangamati', 'rangamati', NULL, NULL, NULL, 1, 0, '2022-01-10 16:28:42', '2022-01-10 16:28:42'),
(35, 4, 'bagerhat', 'Bagerhat', 'bagerhat', NULL, NULL, NULL, 1, 0, '2022-01-10 16:28:48', '2022-01-10 16:28:48'),
(36, 4, 'chuadanga', 'Chuadanga', 'chuadanga', NULL, NULL, NULL, 1, 0, '2022-01-10 16:28:48', '2022-01-10 16:28:48'),
(37, 4, 'jashore', 'Jashore', 'jashore', NULL, NULL, NULL, 1, 0, '2022-01-10 16:28:48', '2022-01-10 16:28:48'),
(38, 4, 'jhenaidah', 'Jhenaidah', 'jhenaidah', NULL, NULL, NULL, 1, 0, '2022-01-10 16:28:48', '2022-01-10 16:28:48'),
(39, 4, 'khulna', 'Khulna', 'khulna', NULL, NULL, NULL, 1, 0, '2022-01-10 16:28:48', '2022-01-10 16:28:48'),
(40, 4, 'kushtia', 'Kushtia', 'kushtia', NULL, NULL, NULL, 1, 0, '2022-01-10 16:28:48', '2022-01-10 16:28:48'),
(41, 4, 'magura', 'Magura', 'magura', NULL, NULL, NULL, 1, 0, '2022-01-10 16:28:49', '2022-01-10 16:28:49'),
(42, 4, 'meherpur', 'Meherpur', 'meherpur', NULL, NULL, NULL, 1, 0, '2022-01-10 16:28:49', '2022-01-10 16:28:49'),
(43, 4, 'narail', 'Narail', 'narail', NULL, NULL, NULL, 1, 0, '2022-01-10 16:28:49', '2022-01-10 16:28:49'),
(44, 4, 'satkhira', 'Satkhira', 'satkhira', NULL, NULL, NULL, 1, 0, '2022-01-10 16:28:49', '2022-01-10 16:28:49'),
(45, 6, 'bogura', 'Bogura', 'bogura', NULL, NULL, NULL, 1, 0, '2022-01-10 16:28:54', '2022-01-10 16:28:54'),
(46, 6, 'chapai-nawabganj', 'Chapai Nawabganj', 'chapai-nawabganj', NULL, NULL, NULL, 1, 0, '2022-01-10 16:28:54', '2022-01-10 16:28:54'),
(47, 6, 'joypurhat', 'Joypurhat', 'joypurhat', NULL, NULL, NULL, 1, 0, '2022-01-10 16:28:54', '2022-01-10 16:28:54'),
(48, 6, 'naogaon', 'Naogaon', 'naogaon', NULL, NULL, NULL, 1, 0, '2022-01-10 16:28:54', '2022-01-10 16:28:54'),
(49, 6, 'natore', 'Natore', 'natore', NULL, NULL, NULL, 1, 0, '2022-01-10 16:28:54', '2022-01-10 16:28:54'),
(50, 6, 'pabna', 'Pabna', 'pabna', NULL, NULL, NULL, 1, 0, '2022-01-10 16:28:54', '2022-01-10 16:28:54'),
(51, 6, 'rajshahi', 'Rajshahi', 'rajshahi', NULL, NULL, NULL, 1, 0, '2022-01-10 16:28:54', '2022-01-10 16:28:54'),
(52, 6, 'sirajganj', 'Sirajganj', 'sirajganj', NULL, NULL, NULL, 1, 0, '2022-01-10 16:28:54', '2022-01-10 16:28:54'),
(53, 7, 'dinajpur', 'Dinajpur', 'dinajpur', NULL, NULL, NULL, 1, 0, '2022-01-10 16:29:00', '2022-01-10 16:29:00'),
(54, 7, 'gaibandha', 'Gaibandha', 'gaibandha', NULL, NULL, NULL, 1, 0, '2022-01-10 16:29:01', '2022-01-10 16:29:01'),
(55, 7, 'kurigram', 'Kurigram', 'kurigram', NULL, NULL, NULL, 1, 0, '2022-01-10 16:29:01', '2022-01-10 16:29:01'),
(56, 7, 'lalmonirhat', 'Lalmonirhat', 'lalmonirhat', NULL, NULL, NULL, 1, 0, '2022-01-10 16:29:01', '2022-01-10 16:29:01'),
(57, 7, 'nilphamari', 'Nilphamari', 'nilphamari', NULL, NULL, NULL, 1, 0, '2022-01-10 16:29:01', '2022-01-10 16:29:01'),
(58, 7, 'panchagarh', 'Panchagarh', 'panchagarh', NULL, NULL, NULL, 1, 0, '2022-01-10 16:29:01', '2022-01-10 16:29:01'),
(59, 7, 'rangpur', 'Rangpur', 'rangpur', NULL, NULL, NULL, 1, 0, '2022-01-10 16:29:01', '2022-01-10 16:29:01'),
(60, 7, 'thakurgaon', 'Thakurgaon', 'thakurgaon', NULL, NULL, NULL, 1, 0, '2022-01-10 16:29:01', '2022-01-10 16:29:01'),
(61, 8, 'habiganj', 'Habiganj', 'habiganj', NULL, NULL, NULL, 1, 0, '2022-01-10 16:29:04', '2022-01-10 16:29:04'),
(62, 8, 'moulvibazar', 'Moulvibazar', 'moulvibazar', NULL, NULL, NULL, 1, 0, '2022-01-10 16:29:04', '2022-01-10 16:29:04'),
(63, 8, 'sunamganj', 'Sunamganj', 'sunamganj', NULL, NULL, NULL, 1, 0, '2022-01-10 16:29:05', '2022-01-10 16:29:05'),
(64, 8, 'sylhet', 'Sylhet', 'sylhet', NULL, NULL, NULL, 1, 0, '2022-01-10 16:29:05', '2022-01-10 16:29:05');

-- --------------------------------------------------------

--
-- Table structure for table `divisions`
--

CREATE TABLE `divisions` (
  `id` bigint(20) UNSIGNED NOT NULL,
  `country_id` bigint(20) UNSIGNED DEFAULT NULL,
  `division` varchar(255) NOT NULL,
  `bndivision` varchar(255) NOT NULL,
  `slug` varchar(255) NOT NULL,
  `screma` mediumtext DEFAULT NULL,
  `metadescription` varchar(160) DEFAULT NULL,
  `photo` varchar(255) DEFAULT NULL,
  `status` tinyint(4) NOT NULL DEFAULT 1,
  `view` int(11) NOT NULL DEFAULT 0,
  `created_at` timestamp NULL DEFAULT NULL,
  `updated_at` timestamp NULL DEFAULT NULL
) ENGINE=InnoDB DEFAULT CHARSET=utf8mb4 COLLATE=utf8mb4_unicode_ci;

--
-- Dumping data for table `divisions`
--

INSERT INTO `divisions` (`id`, `country_id`, `division`, `bndivision`, `slug`, `screma`, `metadescription`, `photo`, `status`, `view`, `created_at`, `updated_at`) VALUES
(1, 1, 'Barishal', 'বরিশাল', 'barishal', NULL, NULL, NULL, 1, 0, '2022-01-10 16:16:54', '2022-01-10 16:16:54'),
(2, 1, 'Chattogram', 'চট্টগ্রাম', 'chattogram', NULL, NULL, NULL, 1, 0, '2022-01-10 16:16:54', '2022-01-10 16:16:54'),
(3, 1, 'Dhaka', 'ঢাকা', 'dhaka', NULL, NULL, NULL, 1, 0, '2022-01-10 16:16:54', '2022-01-10 16:16:54'),
(4, 1, 'Khulna', 'খুলনা', 'khulna', NULL, NULL, NULL, 1, 0, '2022-01-10 16:16:54', '2022-01-10 16:16:54'),
(5, 1, 'Mymensingh', 'ময়মনসিংহ', 'mymensingh', NULL, NULL, NULL, 1, 0, '2022-01-10 16:16:54', '2022-01-10 16:16:54'),
(6, 1, 'Rajshahi', 'রাজশাহী', 'rajshahi', NULL, NULL, NULL, 1, 0, '2022-01-10 16:16:54', '2022-01-10 16:16:54'),
(7, 1, 'Rangpur', 'রংপুর', 'rangpur', NULL, NULL, NULL, 1, 0, '2022-01-10 16:16:54', '2022-01-10 16:16:54'),
(8, 1, 'Sylhet', 'সিলেট', 'sylhet', NULL, NULL, NULL, 1, 0, '2022-01-10 16:16:54', '2022-01-10 16:16:54');

-- --------------------------------------------------------

--
-- Table structure for table `thanas`
--

CREATE TABLE `thanas` (
  `id` bigint(20) UNSIGNED NOT NULL,
  `district_id` bigint(20) UNSIGNED DEFAULT NULL,
  `slug` varchar(255) NOT NULL,
  `thana` varchar(255) NOT NULL,
  `bnthana` varchar(255) NOT NULL,
  `screma` mediumtext DEFAULT NULL,
  `metadescription` varchar(160) DEFAULT NULL,
  `photo` varchar(255) DEFAULT NULL,
  `status` tinyint(4) NOT NULL DEFAULT 1,
  `view` bigint(20) NOT NULL DEFAULT 0,
  `created_at` timestamp NULL DEFAULT NULL,
  `updated_at` timestamp NULL DEFAULT NULL
) ENGINE=InnoDB DEFAULT CHARSET=utf8mb4 COLLATE=utf8mb4_unicode_ci;

--
-- Dumping data for table `thanas`
--

INSERT INTO `thanas` (`id`, `district_id`, `slug`, `thana`, `bnthana`, `screma`, `metadescription`, `photo`, `status`, `view`, `created_at`, `updated_at`) VALUES
(1, 1, 'dhamrai', 'Dhamrai', 'dhamrai', NULL, NULL, NULL, 1, 0, '2022-01-10 16:18:40', '2022-01-10 16:18:40'),
(2, 1, 'dohar', 'Dohar', 'dohar', NULL, NULL, NULL, 1, 0, '2022-01-10 16:18:40', '2022-01-10 16:18:40'),
(3, 1, 'keraniganj', 'Keraniganj', 'keraniganj', NULL, NULL, NULL, 1, 0, '2022-01-10 16:18:40', '2022-01-10 16:18:40'),
(4, 1, 'nawabganj', 'Nawabganj', 'nawabganj', NULL, NULL, NULL, 1, 0, '2022-01-10 16:18:40', '2022-01-10 16:18:40'),
(5, 1, 'savar', 'Savar', 'savar', NULL, NULL, NULL, 1, 0, '2022-01-10 16:18:40', '2022-01-10 16:18:40'),
(6, 2, 'alfadanga', 'Alfadanga', 'alfadanga', NULL, NULL, NULL, 1, 0, '2022-01-10 16:18:40', '2022-01-10 16:18:40'),
(7, 2, 'bhanga', 'Bhanga', 'bhanga', NULL, NULL, NULL, 1, 0, '2022-01-10 16:18:40', '2022-01-10 16:18:40'),
(8, 2, 'boalmari', 'Boalmari', 'boalmari', NULL, NULL, NULL, 1, 0, '2022-01-10 16:18:40', '2022-01-10 16:18:40'),
(9, 2, 'charbhadrasan', 'Charbhadrasan', 'charbhadrasan', NULL, NULL, NULL, 1, 0, '2022-01-10 16:18:40', '2022-01-10 16:18:40'),
(10, 2, 'faridpur-sadar', 'Faridpur Sadar', 'faridpur-sadar', NULL, NULL, NULL, 1, 0, '2022-01-10 16:18:40', '2022-01-10 16:18:40'),
(11, 2, 'madhukhali', 'Madhukhali', 'madhukhali', NULL, NULL, NULL, 1, 0, '2022-01-10 16:18:40', '2022-01-10 16:18:40'),
(12, 2, 'nagarkanda', 'Nagarkanda', 'nagarkanda', NULL, NULL, NULL, 1, 0, '2022-01-10 16:18:40', '2022-01-10 16:18:40'),
(13, 2, 'sadarpur', 'Sadarpur', 'sadarpur', NULL, NULL, NULL, 1, 0, '2022-01-10 16:18:40', '2022-01-10 16:18:40'),
(14, 2, 'saltha', 'Saltha', 'saltha', NULL, NULL, NULL, 1, 0, '2022-01-10 16:18:40', '2022-01-10 16:18:40'),
(15, 3, 'gazipur-sadar', 'Gazipur Sadar', 'gazipur-sadar', NULL, NULL, NULL, 1, 0, '2022-01-10 16:18:40', '2022-01-10 16:18:40'),
(16, 3, 'kaliakair', 'Kaliakair', 'kaliakair', NULL, NULL, NULL, 1, 0, '2022-01-10 16:18:40', '2022-01-10 16:18:40'),
(17, 3, 'kaliganj', 'Kaliganj', 'kaliganj', NULL, NULL, NULL, 1, 0, '2022-01-10 16:18:40', '2022-01-10 16:18:40'),
(18, 3, 'kapasia', 'Kapasia', 'kapasia', NULL, NULL, NULL, 1, 0, '2022-01-10 16:18:40', '2022-01-10 16:18:40'),
(19, 3, 'sreepur', 'Sreepur', 'sreepur', NULL, NULL, NULL, 1, 0, '2022-01-10 16:18:40', '2022-01-10 16:18:40'),
(20, 4, 'gopalganj-sadar', 'Gopalganj Sadar', 'gopalganj-sadar', NULL, NULL, NULL, 1, 0, '2022-01-10 16:18:40', '2022-01-10 16:18:40'),
(21, 4, 'kashiani', 'Kashiani', 'kashiani', NULL, NULL, NULL, 1, 0, '2022-01-10 16:18:40', '2022-01-10 16:18:40'),
(22, 4, 'kotalipara', 'Kotalipara', 'kotalipara', NULL, NULL, NULL, 1, 0, '2022-01-10 16:18:40', '2022-01-10 16:18:40'),
(23, 4, 'muksudpur', 'Muksudpur', 'muksudpur', NULL, NULL, NULL, 1, 0, '2022-01-10 16:18:40', '2022-01-10 16:18:40'),
(24, 4, 'tungipara', 'Tungipara', 'tungipara', NULL, NULL, NULL, 1, 0, '2022-01-10 16:18:40', '2022-01-10 16:18:40'),
(25, 5, 'austagram', 'Austagram', 'austagram', NULL, NULL, NULL, 1, 0, '2022-01-10 16:18:40', '2022-01-10 16:18:40'),
(26, 5, 'bajitpur', 'Bajitpur', 'bajitpur', NULL, NULL, NULL, 1, 0, '2022-01-10 16:18:40', '2022-01-10 16:18:40'),
(27, 5, 'bhairab', 'Bhairab', 'bhairab', NULL, NULL, NULL, 1, 0, '2022-01-10 16:18:40', '2022-01-10 16:18:40'),
(28, 5, 'hossainpur', 'Hossainpur', 'hossainpur', NULL, NULL, NULL, 1, 0, '2022-01-10 16:18:40', '2022-01-10 16:18:40'),
(29, 5, 'itna', 'Itna', 'itna', NULL, NULL, NULL, 1, 0, '2022-01-10 16:18:40', '2022-01-10 16:18:40'),
(30, 5, 'karimganj', 'Karimganj', 'karimganj', NULL, NULL, NULL, 1, 0, '2022-01-10 16:18:40', '2022-01-10 16:18:40'),
(31, 5, 'katiadi', 'Katiadi', 'katiadi', NULL, NULL, NULL, 1, 0, '2022-01-10 16:18:40', '2022-01-10 16:18:40'),
(32, 5, 'kishoreganj-sadar', 'Kishoreganj Sadar', 'kishoreganj-sadar', NULL, NULL, NULL, 1, 0, '2022-01-10 16:18:40', '2022-01-10 16:18:40'),
(33, 5, 'kuliarchar', 'Kuliarchar', 'kuliarchar', NULL, NULL, NULL, 1, 0, '2022-01-10 16:18:40', '2022-01-10 16:18:40'),
(34, 5, 'mithamain', 'Mithamain', 'mithamain', NULL, NULL, NULL, 1, 0, '2022-01-10 16:18:40', '2022-01-10 16:18:40'),
(35, 5, 'nikli', 'Nikli', 'nikli', NULL, NULL, NULL, 1, 0, '2022-01-10 16:18:40', '2022-01-10 16:18:40'),
(36, 5, 'pakundia', 'Pakundia', 'pakundia', NULL, NULL, NULL, 1, 0, '2022-01-10 16:18:40', '2022-01-10 16:18:40'),
(37, 5, 'tarail', 'Tarail', 'tarail', NULL, NULL, NULL, 1, 0, '2022-01-10 16:18:40', '2022-01-10 16:18:40'),
(38, 6, 'rajoir', 'Rajoir', 'rajoir', NULL, NULL, NULL, 1, 0, '2022-01-10 16:18:40', '2022-01-10 16:18:40'),
(39, 6, 'madaripur-sadar', 'Madaripur Sadar', 'madaripur-sadar', NULL, NULL, NULL, 1, 0, '2022-01-10 16:18:40', '2022-01-10 16:18:40'),
(40, 6, 'kalkini', 'Kalkini', 'kalkini', NULL, NULL, NULL, 1, 0, '2022-01-10 16:18:40', '2022-01-10 16:18:40'),
(41, 6, 'shibchar', 'Shibchar', 'shibchar', NULL, NULL, NULL, 1, 0, '2022-01-10 16:18:40', '2022-01-10 16:18:40'),
(42, 7, 'daulatpur', 'Daulatpur', 'daulatpur', NULL, NULL, NULL, 1, 0, '2022-01-10 16:18:40', '2022-01-10 16:18:40'),
(43, 7, 'ghior', 'Ghior', 'ghior', NULL, NULL, NULL, 1, 0, '2022-01-10 16:18:40', '2022-01-10 16:18:40'),
(44, 7, 'harirampur', 'Harirampur', 'harirampur', NULL, NULL, NULL, 1, 0, '2022-01-10 16:18:40', '2022-01-10 16:18:40'),
(45, 7, 'manikgonj-sadar', 'Manikgonj Sadar', 'manikgonj-sadar', NULL, NULL, NULL, 1, 0, '2022-01-10 16:18:40', '2022-01-10 16:18:40'),
(46, 7, 'saturia', 'Saturia', 'saturia', NULL, NULL, NULL, 1, 0, '2022-01-10 16:18:40', '2022-01-10 16:18:40'),
(47, 7, 'shivalaya', 'Shivalaya', 'shivalaya', NULL, NULL, NULL, 1, 0, '2022-01-10 16:18:40', '2022-01-10 16:18:40'),
(48, 7, 'singair', 'Singair', 'singair', NULL, NULL, NULL, 1, 0, '2022-01-10 16:18:40', '2022-01-10 16:18:40'),
(49, 8, 'gazaria', 'Gazaria', 'gazaria', NULL, NULL, NULL, 1, 0, '2022-01-10 16:18:40', '2022-01-10 16:18:40'),
(50, 8, 'lohajang', 'Lohajang', 'lohajang', NULL, NULL, NULL, 1, 0, '2022-01-10 16:18:40', '2022-01-10 16:18:40'),
(51, 8, 'munshiganj-sadar', 'Munshiganj Sadar', 'munshiganj-sadar', NULL, NULL, NULL, 1, 0, '2022-01-10 16:18:40', '2022-01-10 16:18:40'),
(52, 8, 'sirajdikhan', 'Sirajdikhan', 'sirajdikhan', NULL, NULL, NULL, 1, 0, '2022-01-10 16:18:40', '2022-01-10 16:18:40'),
(53, 8, 'sreenagar', 'Sreenagar', 'sreenagar', NULL, NULL, NULL, 1, 0, '2022-01-10 16:18:40', '2022-01-10 16:18:40'),
(54, 8, 'tongibari', 'Tongibari', 'tongibari', NULL, NULL, NULL, 1, 0, '2022-01-10 16:18:40', '2022-01-10 16:18:40'),
(55, 9, 'araihazar', 'Araihazar', 'araihazar', NULL, NULL, NULL, 1, 0, '2022-01-10 16:18:40', '2022-01-10 16:18:40'),
(56, 9, 'bandar', 'Bandar', 'bandar', NULL, NULL, NULL, 1, 0, '2022-01-10 16:18:40', '2022-01-10 16:18:40'),
(57, 9, 'narayanganj-sadar', 'Narayanganj Sadar', 'narayanganj-sadar', NULL, NULL, NULL, 1, 0, '2022-01-10 16:18:40', '2022-01-10 16:18:40'),
(58, 9, 'rupganj', 'Rupganj', 'rupganj', NULL, NULL, NULL, 1, 0, '2022-01-10 16:18:40', '2022-01-10 16:18:40'),
(59, 9, 'sonargaon', 'Sonargaon', 'sonargaon', NULL, NULL, NULL, 1, 0, '2022-01-10 16:18:40', '2022-01-10 16:18:40'),
(60, 10, 'belabo', 'Belabo', 'belabo', NULL, NULL, NULL, 1, 0, '2022-01-10 16:18:40', '2022-01-10 16:18:40'),
(61, 10, 'monohardi', 'Monohardi', 'monohardi', NULL, NULL, NULL, 1, 0, '2022-01-10 16:18:40', '2022-01-10 16:18:40'),
(62, 10, 'narsingdi-sadar', 'Narsingdi Sadar', 'narsingdi-sadar', NULL, NULL, NULL, 1, 0, '2022-01-10 16:18:40', '2022-01-10 16:18:40'),
(63, 10, 'palash', 'Palash', 'palash', NULL, NULL, NULL, 1, 0, '2022-01-10 16:18:40', '2022-01-10 16:18:40'),
(64, 10, 'raipura', 'Raipura', 'raipura', NULL, NULL, NULL, 1, 0, '2022-01-10 16:18:40', '2022-01-10 16:18:40'),
(65, 10, 'shibpur', 'Shibpur', 'shibpur', NULL, NULL, NULL, 1, 0, '2022-01-10 16:18:40', '2022-01-10 16:18:40'),
(66, 11, 'baliakandi', 'Baliakandi', 'baliakandi', NULL, NULL, NULL, 1, 0, '2022-01-10 16:18:40', '2022-01-10 16:18:40'),
(67, 11, 'goalandaghat', 'Goalandaghat', 'goalandaghat', NULL, NULL, NULL, 1, 0, '2022-01-10 16:18:40', '2022-01-10 16:18:40'),
(68, 11, 'kalukhali', 'Kalukhali', 'kalukhali', NULL, NULL, NULL, 1, 0, '2022-01-10 16:18:40', '2022-01-10 16:18:40'),
(69, 11, 'pangsha', 'Pangsha', 'pangsha', NULL, NULL, NULL, 1, 0, '2022-01-10 16:18:40', '2022-01-10 16:18:40'),
(70, 11, 'rajbari-sadar', 'Rajbari Sadar', 'rajbari-sadar', NULL, NULL, NULL, 1, 0, '2022-01-10 16:18:40', '2022-01-10 16:18:40'),
(71, 12, 'bhedarganj', 'Bhedarganj', 'bhedarganj', NULL, NULL, NULL, 1, 0, '2022-01-10 16:18:40', '2022-01-10 16:18:40'),
(72, 12, 'damudya', 'Damudya', 'damudya', NULL, NULL, NULL, 1, 0, '2022-01-10 16:18:40', '2022-01-10 16:18:40'),
(73, 12, 'gosairhat', 'Gosairhat', 'gosairhat', NULL, NULL, NULL, 1, 0, '2022-01-10 16:18:40', '2022-01-10 16:18:40'),
(74, 12, 'naria', 'Naria', 'naria', NULL, NULL, NULL, 1, 0, '2022-01-10 16:18:40', '2022-01-10 16:18:40'),
(75, 12, 'shariatpur-sadar', 'Shariatpur Sadar', 'shariatpur-sadar', NULL, NULL, NULL, 1, 0, '2022-01-10 16:18:40', '2022-01-10 16:18:40'),
(76, 12, 'zajira', 'Zajira', 'zajira', NULL, NULL, NULL, 1, 0, '2022-01-10 16:18:40', '2022-01-10 16:18:40'),
(77, 13, 'basail', 'Basail', 'basail', NULL, NULL, NULL, 1, 0, '2022-01-10 16:18:40', '2022-01-10 16:18:40'),
(78, 13, 'bhuapur', 'Bhuapur', 'bhuapur', NULL, NULL, NULL, 1, 0, '2022-01-10 16:18:41', '2022-01-10 16:18:41'),
(79, 13, 'delduar', 'Delduar', 'delduar', NULL, NULL, NULL, 1, 0, '2022-01-10 16:18:41', '2022-01-10 16:18:41'),
(80, 13, 'dhanbari', 'Dhanbari', 'dhanbari', NULL, NULL, NULL, 1, 0, '2022-01-10 16:18:41', '2022-01-10 16:18:41'),
(81, 13, 'ghatail', 'Ghatail', 'ghatail', NULL, NULL, NULL, 1, 0, '2022-01-10 16:18:41', '2022-01-10 16:18:41'),
(82, 13, 'gopalpur', 'Gopalpur', 'gopalpur', NULL, NULL, NULL, 1, 0, '2022-01-10 16:18:41', '2022-01-10 16:18:41'),
(83, 13, 'kalihati', 'Kalihati', 'kalihati', NULL, NULL, NULL, 1, 0, '2022-01-10 16:18:41', '2022-01-10 16:18:41'),
(84, 13, 'madhupur', 'Madhupur', 'madhupur', NULL, NULL, NULL, 1, 0, '2022-01-10 16:18:41', '2022-01-10 16:18:41'),
(85, 13, 'mirzapur', 'Mirzapur', 'mirzapur', NULL, NULL, NULL, 1, 0, '2022-01-10 16:18:41', '2022-01-10 16:18:41'),
(86, 13, 'nagarpur', 'Nagarpur', 'nagarpur', NULL, NULL, NULL, 1, 0, '2022-01-10 16:18:41', '2022-01-10 16:18:41'),
(87, 13, 'sakhipur', 'Sakhipur', 'sakhipur', NULL, NULL, NULL, 1, 0, '2022-01-10 16:18:41', '2022-01-10 16:18:41'),
(88, 13, 'tangail-sadar', 'Tangail Sadar', 'tangail-sadar', NULL, NULL, NULL, 1, 0, '2022-01-10 16:18:41', '2022-01-10 16:18:41'),
(89, 14, 'amtali', 'Amtali', 'amtali', NULL, NULL, NULL, 1, 0, '2022-01-10 16:28:31', '2022-01-10 16:28:31'),
(90, 14, 'bamna', 'Bamna', 'bamna', NULL, NULL, NULL, 1, 0, '2022-01-10 16:28:31', '2022-01-10 16:28:31'),
(91, 14, 'barguna-sadar', 'Barguna Sadar', 'barguna-sadar', NULL, NULL, NULL, 1, 0, '2022-01-10 16:28:31', '2022-01-10 16:28:31'),
(92, 14, 'betagi', 'Betagi', 'betagi', NULL, NULL, NULL, 1, 0, '2022-01-10 16:28:31', '2022-01-10 16:28:31'),
(93, 14, 'patharghata', 'Patharghata', 'patharghata', NULL, NULL, NULL, 1, 0, '2022-01-10 16:28:31', '2022-01-10 16:28:31'),
(94, 14, 'taltali', 'Taltali', 'taltali', NULL, NULL, NULL, 1, 0, '2022-01-10 16:28:31', '2022-01-10 16:28:31'),
(95, 15, 'agailjhara', 'Agailjhara', 'agailjhara', NULL, NULL, NULL, 1, 0, '2022-01-10 16:28:32', '2022-01-10 16:28:32'),
(96, 15, 'babuganj', 'Babuganj', 'babuganj', NULL, NULL, NULL, 1, 0, '2022-01-10 16:28:32', '2022-01-10 16:28:32'),
(97, 15, 'bakerganj', 'Bakerganj', 'bakerganj', NULL, NULL, NULL, 1, 0, '2022-01-10 16:28:32', '2022-01-10 16:28:32'),
(98, 15, 'banaripara', 'Banaripara', 'banaripara', NULL, NULL, NULL, 1, 0, '2022-01-10 16:28:32', '2022-01-10 16:28:32'),
(99, 15, 'barisal-sadar', 'Barisal Sadar', 'barisal-sadar', NULL, NULL, NULL, 1, 0, '2022-01-10 16:28:32', '2022-01-10 16:28:32'),
(100, 15, 'gaurnadi', 'Gaurnadi', 'gaurnadi', NULL, NULL, NULL, 1, 0, '2022-01-10 16:28:32', '2022-01-10 16:28:32'),
(101, 15, 'hizla', 'Hizla', 'hizla', NULL, NULL, NULL, 1, 0, '2022-01-10 16:28:32', '2022-01-10 16:28:32'),
(102, 15, 'mehendiganj', 'Mehendiganj', 'mehendiganj', NULL, NULL, NULL, 1, 0, '2022-01-10 16:28:32', '2022-01-10 16:28:32'),
(103, 15, 'muladi', 'Muladi', 'muladi', NULL, NULL, NULL, 1, 0, '2022-01-10 16:28:32', '2022-01-10 16:28:32'),
(104, 15, 'wazirpur', 'Wazirpur', 'wazirpur', NULL, NULL, NULL, 1, 0, '2022-01-10 16:28:32', '2022-01-10 16:28:32'),
(105, 16, 'bhola-sadar', 'Bhola Sadar', 'bhola-sadar', NULL, NULL, NULL, 1, 0, '2022-01-10 16:28:32', '2022-01-10 16:28:32'),
(106, 16, 'burhanuddin', 'Burhanuddin', 'burhanuddin', NULL, NULL, NULL, 1, 0, '2022-01-10 16:28:32', '2022-01-10 16:28:32'),
(107, 16, 'char-fasson', 'Char Fasson', 'char-fasson', NULL, NULL, NULL, 1, 0, '2022-01-10 16:28:32', '2022-01-10 16:28:32'),
(108, 16, 'daulatkhan', 'Daulatkhan', 'daulatkhan', NULL, NULL, NULL, 1, 0, '2022-01-10 16:28:32', '2022-01-10 16:28:32'),
(109, 16, 'lalmohan', 'Lalmohan', 'lalmohan', NULL, NULL, NULL, 1, 0, '2022-01-10 16:28:32', '2022-01-10 16:28:32'),
(110, 16, 'manpura', 'Manpura', 'manpura', NULL, NULL, NULL, 1, 0, '2022-01-10 16:28:32', '2022-01-10 16:28:32'),
(111, 16, 'tazumuddin', 'Tazumuddin', 'tazumuddin', NULL, NULL, NULL, 1, 0, '2022-01-10 16:28:32', '2022-01-10 16:28:32'),
(112, 17, 'kathalia', 'Kathalia', 'kathalia', NULL, NULL, NULL, 1, 0, '2022-01-10 16:28:32', '2022-01-10 16:28:32'),
(113, 17, 'nalchhiti', 'Nalchhiti', 'nalchhiti', NULL, NULL, NULL, 1, 0, '2022-01-10 16:28:32', '2022-01-10 16:28:32'),
(114, 17, 'jhalokati-sadar', 'Jhalokati Sadar', 'jhalokati-sadar', NULL, NULL, NULL, 1, 0, '2022-01-10 16:28:32', '2022-01-10 16:28:32'),
(115, 17, 'rajapur', 'Rajapur', 'rajapur', NULL, NULL, NULL, 1, 0, '2022-01-10 16:28:32', '2022-01-10 16:28:32'),
(116, 18, 'bauphal', 'Bauphal', 'bauphal', NULL, NULL, NULL, 1, 0, '2022-01-10 16:28:32', '2022-01-10 16:28:32'),
(117, 18, 'dashmina', 'Dashmina', 'dashmina', NULL, NULL, NULL, 1, 0, '2022-01-10 16:28:32', '2022-01-10 16:28:32'),
(118, 18, 'dumki', 'Dumki', 'dumki', NULL, NULL, NULL, 1, 0, '2022-01-10 16:28:32', '2022-01-10 16:28:32'),
(119, 18, 'galachipa', 'Galachipa', 'galachipa', NULL, NULL, NULL, 1, 0, '2022-01-10 16:28:32', '2022-01-10 16:28:32'),
(120, 18, 'kalapara', 'Kalapara', 'kalapara', NULL, NULL, NULL, 1, 0, '2022-01-10 16:28:32', '2022-01-10 16:28:32'),
(121, 18, 'mirzaganj', 'Mirzaganj', 'mirzaganj', NULL, NULL, NULL, 1, 0, '2022-01-10 16:28:32', '2022-01-10 16:28:32'),
(122, 18, 'patuakhali-sadar', 'Patuakhali Sadar', 'patuakhali-sadar', NULL, NULL, NULL, 1, 0, '2022-01-10 16:28:32', '2022-01-10 16:28:32'),
(123, 18, 'rangabali', 'Rangabali', 'rangabali', NULL, NULL, NULL, 1, 0, '2022-01-10 16:28:32', '2022-01-10 16:28:32'),
(124, 19, 'bhandaria', 'Bhandaria', 'bhandaria', NULL, NULL, NULL, 1, 0, '2022-01-10 16:28:32', '2022-01-10 16:28:32'),
(125, 19, 'indurkani', 'Indurkani', 'indurkani', NULL, NULL, NULL, 1, 0, '2022-01-10 16:28:32', '2022-01-10 16:28:32'),
(126, 19, 'kawkhali', 'Kawkhali', 'kawkhali', NULL, NULL, NULL, 1, 0, '2022-01-10 16:28:32', '2022-01-10 16:28:32'),
(127, 19, 'mathbaria', 'Mathbaria', 'mathbaria', NULL, NULL, NULL, 1, 0, '2022-01-10 16:28:32', '2022-01-10 16:28:32'),
(128, 19, 'nazirpur', 'Nazirpur', 'nazirpur', NULL, NULL, NULL, 1, 0, '2022-01-10 16:28:32', '2022-01-10 16:28:32'),
(129, 19, 'nesarabad-swarupkati', 'Nesarabad (Swarupkati)', 'nesarabad-swarupkati', NULL, NULL, NULL, 1, 0, '2022-01-10 16:28:32', '2022-01-10 16:28:32'),
(130, 19, 'pirojpur-sadar', 'Pirojpur Sadar', 'pirojpur-sadar', NULL, NULL, NULL, 1, 0, '2022-01-10 16:28:32', '2022-01-10 16:28:32'),
(131, 20, 'baksiganj', 'Baksiganj', 'baksiganj', NULL, NULL, NULL, 1, 0, '2022-01-10 16:28:37', '2022-01-10 16:28:37'),
(132, 20, 'dewanganj', 'Dewanganj', 'dewanganj', NULL, NULL, NULL, 1, 0, '2022-01-10 16:28:37', '2022-01-10 16:28:37'),
(133, 20, 'islampur', 'Islampur', 'islampur', NULL, NULL, NULL, 1, 0, '2022-01-10 16:28:37', '2022-01-10 16:28:37'),
(134, 20, 'jamalpur-sadar', 'Jamalpur Sadar', 'jamalpur-sadar', NULL, NULL, NULL, 1, 0, '2022-01-10 16:28:37', '2022-01-10 16:28:37'),
(135, 20, 'madarganj', 'Madarganj', 'madarganj', NULL, NULL, NULL, 1, 0, '2022-01-10 16:28:37', '2022-01-10 16:28:37'),
(136, 20, 'melandaha', 'Melandaha', 'melandaha', NULL, NULL, NULL, 1, 0, '2022-01-10 16:28:37', '2022-01-10 16:28:37'),
(137, 20, 'sarishabari', 'Sarishabari', 'sarishabari', NULL, NULL, NULL, 1, 0, '2022-01-10 16:28:37', '2022-01-10 16:28:37'),
(138, 21, 'bhaluka', 'Bhaluka', 'bhaluka', NULL, NULL, NULL, 1, 0, '2022-01-10 16:28:37', '2022-01-10 16:28:37'),
(139, 21, 'dhobaura', 'Dhobaura', 'dhobaura', NULL, NULL, NULL, 1, 0, '2022-01-10 16:28:37', '2022-01-10 16:28:37'),
(140, 21, 'fulbaria', 'Fulbaria', 'fulbaria', NULL, NULL, NULL, 1, 0, '2022-01-10 16:28:37', '2022-01-10 16:28:37'),
(141, 21, 'gafargaon', 'Gafargaon', 'gafargaon', NULL, NULL, NULL, 1, 0, '2022-01-10 16:28:37', '2022-01-10 16:28:37'),
(142, 21, 'gauripur', 'Gauripur', 'gauripur', NULL, NULL, NULL, 1, 0, '2022-01-10 16:28:37', '2022-01-10 16:28:37'),
(143, 21, 'haluaghat', 'Haluaghat', 'haluaghat', NULL, NULL, NULL, 1, 0, '2022-01-10 16:28:37', '2022-01-10 16:28:37'),
(144, 21, 'ishwarganj', 'Ishwarganj', 'ishwarganj', NULL, NULL, NULL, 1, 0, '2022-01-10 16:28:37', '2022-01-10 16:28:37'),
(145, 21, 'mymensingh-sadar', 'Mymensingh Sadar', 'mymensingh-sadar', NULL, NULL, NULL, 1, 0, '2022-01-10 16:28:37', '2022-01-10 16:28:37'),
(146, 21, 'muktagachha', 'Muktagachha', 'muktagachha', NULL, NULL, NULL, 1, 0, '2022-01-10 16:28:37', '2022-01-10 16:28:37'),
(147, 21, 'nandail', 'Nandail', 'nandail', NULL, NULL, NULL, 1, 0, '2022-01-10 16:28:37', '2022-01-10 16:28:37'),
(148, 21, 'phulpur', 'Phulpur', 'phulpur', NULL, NULL, NULL, 1, 0, '2022-01-10 16:28:37', '2022-01-10 16:28:37'),
(149, 21, 'tara-khanda', 'Tara Khanda', 'tara-khanda', NULL, NULL, NULL, 1, 0, '2022-01-10 16:28:37', '2022-01-10 16:28:37'),
(150, 21, 'trishal', 'Trishal', 'trishal', NULL, NULL, NULL, 1, 0, '2022-01-10 16:28:37', '2022-01-10 16:28:37'),
(151, 22, 'atpara', 'Atpara', 'atpara', NULL, NULL, NULL, 1, 0, '2022-01-10 16:28:37', '2022-01-10 16:28:37'),
(152, 22, 'barhatta', 'Barhatta', 'barhatta', NULL, NULL, NULL, 1, 0, '2022-01-10 16:28:37', '2022-01-10 16:28:37'),
(153, 22, 'durgapur', 'Durgapur', 'durgapur', NULL, NULL, NULL, 1, 0, '2022-01-10 16:28:37', '2022-01-10 16:28:37'),
(154, 22, 'khaliajuri', 'Khaliajuri', 'khaliajuri', NULL, NULL, NULL, 1, 0, '2022-01-10 16:28:37', '2022-01-10 16:28:37'),
(155, 22, 'kalmakanda', 'Kalmakanda', 'kalmakanda', NULL, NULL, NULL, 1, 0, '2022-01-10 16:28:37', '2022-01-10 16:28:37'),
(156, 22, 'kendua', 'Kendua', 'kendua', NULL, NULL, NULL, 1, 0, '2022-01-10 16:28:37', '2022-01-10 16:28:37'),
(157, 22, 'madan', 'Madan', 'madan', NULL, NULL, NULL, 1, 0, '2022-01-10 16:28:37', '2022-01-10 16:28:37'),
(158, 22, 'mohanganj', 'Mohanganj', 'mohanganj', NULL, NULL, NULL, 1, 0, '2022-01-10 16:28:37', '2022-01-10 16:28:37'),
(159, 22, 'netrokona-sadar', 'Netrokona Sadar', 'netrokona-sadar', NULL, NULL, NULL, 1, 0, '2022-01-10 16:28:37', '2022-01-10 16:28:37'),
(160, 22, 'purbadhala', 'Purbadhala', 'purbadhala', NULL, NULL, NULL, 1, 0, '2022-01-10 16:28:37', '2022-01-10 16:28:37'),
(161, 23, 'jhenaigati', 'Jhenaigati', 'jhenaigati', NULL, NULL, NULL, 1, 0, '2022-01-10 16:28:37', '2022-01-10 16:28:37'),
(162, 23, 'nakla', 'Nakla', 'nakla', NULL, NULL, NULL, 1, 0, '2022-01-10 16:28:37', '2022-01-10 16:28:37'),
(163, 23, 'nalitabari', 'Nalitabari', 'nalitabari', NULL, NULL, NULL, 1, 0, '2022-01-10 16:28:37', '2022-01-10 16:28:37'),
(164, 23, 'sherpur-sadar', 'Sherpur Sadar', 'sherpur-sadar', NULL, NULL, NULL, 1, 0, '2022-01-10 16:28:37', '2022-01-10 16:28:37'),
(165, 23, 'sreebardi', 'Sreebardi', 'sreebardi', NULL, NULL, NULL, 1, 0, '2022-01-10 16:28:37', '2022-01-10 16:28:37'),
(166, 24, 'ali-kadam', 'Ali Kadam', 'ali-kadam', NULL, NULL, NULL, 1, 0, '2022-01-10 16:28:41', '2022-01-10 16:28:41'),
(167, 24, 'bandarban-sadar', 'Bandarban Sadar', 'bandarban-sadar', NULL, NULL, NULL, 1, 0, '2022-01-10 16:28:41', '2022-01-10 16:28:41'),
(168, 24, 'lama', 'Lama', 'lama', NULL, NULL, NULL, 1, 0, '2022-01-10 16:28:41', '2022-01-10 16:28:41'),
(169, 24, 'naikhongchhari', 'Naikhongchhari', 'naikhongchhari', NULL, NULL, NULL, 1, 0, '2022-01-10 16:28:41', '2022-01-10 16:28:41'),
(170, 24, 'rowangchhari', 'Rowangchhari', 'rowangchhari', NULL, NULL, NULL, 1, 0, '2022-01-10 16:28:41', '2022-01-10 16:28:41'),
(171, 24, 'ruma', 'Ruma', 'ruma', NULL, NULL, NULL, 1, 0, '2022-01-10 16:28:41', '2022-01-10 16:28:41'),
(172, 24, 'thanchi', 'Thanchi', 'thanchi', NULL, NULL, NULL, 1, 0, '2022-01-10 16:28:41', '2022-01-10 16:28:41'),
(173, 25, 'akhaura', 'Akhaura', 'akhaura', NULL, NULL, NULL, 1, 0, '2022-01-10 16:28:41', '2022-01-10 16:28:41'),
(174, 25, 'ashuganj', 'Ashuganj', 'ashuganj', NULL, NULL, NULL, 1, 0, '2022-01-10 16:28:41', '2022-01-10 16:28:41'),
(175, 25, 'bancharampur', 'Bancharampur', 'bancharampur', NULL, NULL, NULL, 1, 0, '2022-01-10 16:28:41', '2022-01-10 16:28:41'),
(176, 25, 'brahmanbaria-sadar', 'Brahmanbaria Sadar', 'brahmanbaria-sadar', NULL, NULL, NULL, 1, 0, '2022-01-10 16:28:41', '2022-01-10 16:28:41'),
(177, 25, 'bijoynagar', 'Bijoynagar', 'bijoynagar', NULL, NULL, NULL, 1, 0, '2022-01-10 16:28:41', '2022-01-10 16:28:41'),
(178, 25, 'kasba', 'Kasba', 'kasba', NULL, NULL, NULL, 1, 0, '2022-01-10 16:28:41', '2022-01-10 16:28:41'),
(179, 25, 'nabinagar', 'Nabinagar', 'nabinagar', NULL, NULL, NULL, 1, 0, '2022-01-10 16:28:41', '2022-01-10 16:28:41'),
(180, 25, 'nasirnagar', 'Nasirnagar', 'nasirnagar', NULL, NULL, NULL, 1, 0, '2022-01-10 16:28:41', '2022-01-10 16:28:41'),
(181, 25, 'sarail', 'Sarail', 'sarail', NULL, NULL, NULL, 1, 0, '2022-01-10 16:28:41', '2022-01-10 16:28:41'),
(182, 26, 'chandpur-sadar', 'Chandpur Sadar', 'chandpur-sadar', NULL, NULL, NULL, 1, 0, '2022-01-10 16:28:41', '2022-01-10 16:28:41'),
(183, 26, 'faridganj', 'Faridganj', 'faridganj', NULL, NULL, NULL, 1, 0, '2022-01-10 16:28:41', '2022-01-10 16:28:41'),
(184, 26, 'haimchar', 'Haimchar', 'haimchar', NULL, NULL, NULL, 1, 0, '2022-01-10 16:28:41', '2022-01-10 16:28:41'),
(185, 26, 'haziganj', 'Haziganj', 'haziganj', NULL, NULL, NULL, 1, 0, '2022-01-10 16:28:41', '2022-01-10 16:28:41'),
(186, 26, 'kachua', 'Kachua', 'kachua', NULL, NULL, NULL, 1, 0, '2022-01-10 16:28:41', '2022-01-10 16:28:41'),
(187, 26, 'matlab-dakshin', 'Matlab Dakshin', 'matlab-dakshin', NULL, NULL, NULL, 1, 0, '2022-01-10 16:28:41', '2022-01-10 16:28:41'),
(188, 26, 'matlab-uttar', 'Matlab Uttar', 'matlab-uttar', NULL, NULL, NULL, 1, 0, '2022-01-10 16:28:41', '2022-01-10 16:28:41'),
(189, 26, 'shahrasti', 'Shahrasti', 'shahrasti', NULL, NULL, NULL, 1, 0, '2022-01-10 16:28:41', '2022-01-10 16:28:41'),
(190, 27, 'anwara', 'Anwara', 'anwara', NULL, NULL, NULL, 1, 0, '2022-01-10 16:28:41', '2022-01-10 16:28:41'),
(191, 27, 'banshkhali', 'Banshkhali', 'banshkhali', NULL, NULL, NULL, 1, 0, '2022-01-10 16:28:41', '2022-01-10 16:28:41'),
(192, 27, 'boalkhali', 'Boalkhali', 'boalkhali', NULL, NULL, NULL, 1, 0, '2022-01-10 16:28:41', '2022-01-10 16:28:41'),
(193, 27, 'chandanaish', 'Chandanaish', 'chandanaish', NULL, NULL, NULL, 1, 0, '2022-01-10 16:28:41', '2022-01-10 16:28:41'),
(194, 27, 'fatikchhari', 'Fatikchhari', 'fatikchhari', NULL, NULL, NULL, 1, 0, '2022-01-10 16:28:41', '2022-01-10 16:28:41'),
(195, 27, 'hathazari', 'Hathazari', 'hathazari', NULL, NULL, NULL, 1, 0, '2022-01-10 16:28:41', '2022-01-10 16:28:41'),
(196, 27, 'karnaphuli', 'Karnaphuli', 'karnaphuli', NULL, NULL, NULL, 1, 0, '2022-01-10 16:28:41', '2022-01-10 16:28:41'),
(197, 27, 'lohagara', 'Lohagara', 'lohagara', NULL, NULL, NULL, 1, 0, '2022-01-10 16:28:41', '2022-01-10 16:28:41'),
(198, 27, 'mirsharai', 'Mirsharai', 'mirsharai', NULL, NULL, NULL, 1, 0, '2022-01-10 16:28:41', '2022-01-10 16:28:41'),
(199, 27, 'patiya', 'Patiya', 'patiya', NULL, NULL, NULL, 1, 0, '2022-01-10 16:28:41', '2022-01-10 16:28:41'),
(200, 27, 'rangunia', 'Rangunia', 'rangunia', NULL, NULL, NULL, 1, 0, '2022-01-10 16:28:41', '2022-01-10 16:28:41'),
(201, 27, 'raozan', 'Raozan', 'raozan', NULL, NULL, NULL, 1, 0, '2022-01-10 16:28:41', '2022-01-10 16:28:41'),
(202, 27, 'sandwip', 'Sandwip', 'sandwip', NULL, NULL, NULL, 1, 0, '2022-01-10 16:28:41', '2022-01-10 16:28:41'),
(203, 27, 'satkania', 'Satkania', 'satkania', NULL, NULL, NULL, 1, 0, '2022-01-10 16:28:41', '2022-01-10 16:28:41'),
(204, 27, 'sitakunda', 'Sitakunda', 'sitakunda', NULL, NULL, NULL, 1, 0, '2022-01-10 16:28:42', '2022-01-10 16:28:42'),
(205, 28, 'chakaria', 'Chakaria', 'chakaria', NULL, NULL, NULL, 1, 0, '2022-01-10 16:28:42', '2022-01-10 16:28:42'),
(206, 28, 'coxs-bazar-sadar', 'Cox\'s Bazar Sadar', 'coxs-bazar-sadar', NULL, NULL, NULL, 1, 0, '2022-01-10 16:28:42', '2022-01-10 16:28:42'),
(207, 28, 'kutubdia', 'Kutubdia', 'kutubdia', NULL, NULL, NULL, 1, 0, '2022-01-10 16:28:42', '2022-01-10 16:28:42'),
(208, 28, 'maheshkhali', 'Maheshkhali', 'maheshkhali', NULL, NULL, NULL, 1, 0, '2022-01-10 16:28:42', '2022-01-10 16:28:42'),
(209, 28, 'ramu', 'Ramu', 'ramu', NULL, NULL, NULL, 1, 0, '2022-01-10 16:28:42', '2022-01-10 16:28:42'),
(210, 28, 'teknaf', 'Teknaf', 'teknaf', NULL, NULL, NULL, 1, 0, '2022-01-10 16:28:42', '2022-01-10 16:28:42'),
(211, 28, 'ukhia', 'Ukhia', 'ukhia', NULL, NULL, NULL, 1, 0, '2022-01-10 16:28:42', '2022-01-10 16:28:42'),
(212, 28, 'pekua', 'Pekua', 'pekua', NULL, NULL, NULL, 1, 0, '2022-01-10 16:28:42', '2022-01-10 16:28:42'),
(213, 29, 'barura', 'Barura', 'barura', NULL, NULL, NULL, 1, 0, '2022-01-10 16:28:42', '2022-01-10 16:28:42'),
(214, 29, 'brahmanpara', 'Brahmanpara', 'brahmanpara', NULL, NULL, NULL, 1, 0, '2022-01-10 16:28:42', '2022-01-10 16:28:42'),
(215, 29, 'burichang', 'Burichang', 'burichang', NULL, NULL, NULL, 1, 0, '2022-01-10 16:28:42', '2022-01-10 16:28:42'),
(216, 29, 'chandina', 'Chandina', 'chandina', NULL, NULL, NULL, 1, 0, '2022-01-10 16:28:42', '2022-01-10 16:28:42'),
(217, 29, 'chauddagram', 'Chauddagram', 'chauddagram', NULL, NULL, NULL, 1, 0, '2022-01-10 16:28:42', '2022-01-10 16:28:42'),
(218, 29, 'cumilla-adarsha-sadar', 'Cumilla Adarsha Sadar', 'cumilla-adarsha-sadar', NULL, NULL, NULL, 1, 0, '2022-01-10 16:28:42', '2022-01-10 16:28:42'),
(219, 29, 'cumilla-sadar-dakshin', 'Cumilla Sadar Dakshin', 'cumilla-sadar-dakshin', NULL, NULL, NULL, 1, 0, '2022-01-10 16:28:42', '2022-01-10 16:28:42'),
(220, 29, 'daudkandi', 'Daudkandi', 'daudkandi', NULL, NULL, NULL, 1, 0, '2022-01-10 16:28:42', '2022-01-10 16:28:42'),
(221, 29, 'debidwar', 'Debidwar', 'debidwar', NULL, NULL, NULL, 1, 0, '2022-01-10 16:28:42', '2022-01-10 16:28:42'),
(222, 29, 'homna', 'Homna', 'homna', NULL, NULL, NULL, 1, 0, '2022-01-10 16:28:42', '2022-01-10 16:28:42'),
(223, 29, 'laksam', 'Laksam', 'laksam', NULL, NULL, NULL, 1, 0, '2022-01-10 16:28:42', '2022-01-10 16:28:42'),
(224, 29, 'lalmai', 'Lalmai', 'lalmai', NULL, NULL, NULL, 1, 0, '2022-01-10 16:28:42', '2022-01-10 16:28:42'),
(225, 29, 'meghna', 'Meghna', 'meghna', NULL, NULL, NULL, 1, 0, '2022-01-10 16:28:42', '2022-01-10 16:28:42'),
(226, 29, 'monohargonj', 'Monohargonj', 'monohargonj', NULL, NULL, NULL, 1, 0, '2022-01-10 16:28:42', '2022-01-10 16:28:42'),
(227, 29, 'muradnagar', 'Muradnagar', 'muradnagar', NULL, NULL, NULL, 1, 0, '2022-01-10 16:28:42', '2022-01-10 16:28:42'),
(228, 29, 'nangalkot', 'Nangalkot', 'nangalkot', NULL, NULL, NULL, 1, 0, '2022-01-10 16:28:42', '2022-01-10 16:28:42'),
(229, 29, 'titas', 'Titas', 'titas', NULL, NULL, NULL, 1, 0, '2022-01-10 16:28:42', '2022-01-10 16:28:42'),
(230, 30, 'chhagalnaiya', 'Chhagalnaiya', 'chhagalnaiya', NULL, NULL, NULL, 1, 0, '2022-01-10 16:28:42', '2022-01-10 16:28:42'),
(231, 30, 'daganbhuiyan', 'Daganbhuiyan', 'daganbhuiyan', NULL, NULL, NULL, 1, 0, '2022-01-10 16:28:42', '2022-01-10 16:28:42'),
(232, 30, 'feni-sadar', 'Feni Sadar', 'feni-sadar', NULL, NULL, NULL, 1, 0, '2022-01-10 16:28:42', '2022-01-10 16:28:42'),
(233, 30, 'fulgazi', 'Fulgazi', 'fulgazi', NULL, NULL, NULL, 1, 0, '2022-01-10 16:28:42', '2022-01-10 16:28:42'),
(234, 30, 'parshuram', 'Parshuram', 'parshuram', NULL, NULL, NULL, 1, 0, '2022-01-10 16:28:42', '2022-01-10 16:28:42'),
(235, 30, 'sonagazi', 'Sonagazi', 'sonagazi', NULL, NULL, NULL, 1, 0, '2022-01-10 16:28:42', '2022-01-10 16:28:42'),
(236, 31, 'dighinala', 'Dighinala', 'dighinala', NULL, NULL, NULL, 1, 0, '2022-01-10 16:28:42', '2022-01-10 16:28:42'),
(237, 31, 'khagrachhari-sadar', 'Khagrachhari Sadar', 'khagrachhari-sadar', NULL, NULL, NULL, 1, 0, '2022-01-10 16:28:42', '2022-01-10 16:28:42'),
(238, 31, 'lakshmichhari', 'Lakshmichhari', 'lakshmichhari', NULL, NULL, NULL, 1, 0, '2022-01-10 16:28:42', '2022-01-10 16:28:42'),
(239, 31, 'mahalchhari', 'Mahalchhari', 'mahalchhari', NULL, NULL, NULL, 1, 0, '2022-01-10 16:28:42', '2022-01-10 16:28:42'),
(240, 31, 'manikchhari', 'Manikchhari', 'manikchhari', NULL, NULL, NULL, 1, 0, '2022-01-10 16:28:42', '2022-01-10 16:28:42'),
(241, 31, 'matiranga', 'Matiranga', 'matiranga', NULL, NULL, NULL, 1, 0, '2022-01-10 16:28:42', '2022-01-10 16:28:42'),
(242, 31, 'panchhari', 'Panchhari', 'panchhari', NULL, NULL, NULL, 1, 0, '2022-01-10 16:28:42', '2022-01-10 16:28:42'),
(243, 31, 'ramgarh', 'Ramgarh', 'ramgarh', NULL, NULL, NULL, 1, 0, '2022-01-10 16:28:42', '2022-01-10 16:28:42'),
(244, 32, 'lakshmipur-sadar', 'Lakshmipur Sadar', 'lakshmipur-sadar', NULL, NULL, NULL, 1, 0, '2022-01-10 16:28:42', '2022-01-10 16:28:42'),
(245, 32, 'kamalnagar', 'Kamalnagar', 'kamalnagar', NULL, NULL, NULL, 1, 0, '2022-01-10 16:28:42', '2022-01-10 16:28:42'),
(246, 32, 'raipur', 'Raipur', 'raipur', NULL, NULL, NULL, 1, 0, '2022-01-10 16:28:42', '2022-01-10 16:28:42'),
(247, 32, 'ramganj', 'Ramganj', 'ramganj', NULL, NULL, NULL, 1, 0, '2022-01-10 16:28:42', '2022-01-10 16:28:42'),
(248, 32, 'ramgati', 'Ramgati', 'ramgati', NULL, NULL, NULL, 1, 0, '2022-01-10 16:28:42', '2022-01-10 16:28:42'),
(249, 33, 'begumganj', 'Begumganj', 'begumganj', NULL, NULL, NULL, 1, 0, '2022-01-10 16:28:42', '2022-01-10 16:28:42'),
(250, 33, 'noakhali-sadar', 'Noakhali Sadar', 'noakhali-sadar', NULL, NULL, NULL, 1, 0, '2022-01-10 16:28:42', '2022-01-10 16:28:42'),
(251, 33, 'chatkhil', 'Chatkhil', 'chatkhil', NULL, NULL, NULL, 1, 0, '2022-01-10 16:28:42', '2022-01-10 16:28:42'),
(252, 33, 'companiganj', 'Companiganj', 'companiganj', NULL, NULL, NULL, 1, 0, '2022-01-10 16:28:42', '2022-01-10 16:28:42'),
(253, 33, 'hatiya', 'Hatiya', 'hatiya', NULL, NULL, NULL, 1, 0, '2022-01-10 16:28:42', '2022-01-10 16:28:42'),
(254, 33, 'kabirhat', 'Kabirhat', 'kabirhat', NULL, NULL, NULL, 1, 0, '2022-01-10 16:28:42', '2022-01-10 16:28:42'),
(255, 33, 'senbagh', 'Senbagh', 'senbagh', NULL, NULL, NULL, 1, 0, '2022-01-10 16:28:42', '2022-01-10 16:28:42'),
(256, 33, 'sonaimuri', 'Sonaimuri', 'sonaimuri', NULL, NULL, NULL, 1, 0, '2022-01-10 16:28:42', '2022-01-10 16:28:42'),
(257, 33, 'subarnachar', 'Subarnachar', 'subarnachar', NULL, NULL, NULL, 1, 0, '2022-01-10 16:28:42', '2022-01-10 16:28:42'),
(258, 34, 'bagaichhari', 'Bagaichhari', 'bagaichhari', NULL, NULL, NULL, 1, 0, '2022-01-10 16:28:42', '2022-01-10 16:28:42'),
(259, 34, 'barkal', 'Barkal', 'barkal', NULL, NULL, NULL, 1, 0, '2022-01-10 16:28:42', '2022-01-10 16:28:42'),
(260, 34, 'belaichhari', 'Belaichhari', 'belaichhari', NULL, NULL, NULL, 1, 0, '2022-01-10 16:28:42', '2022-01-10 16:28:42'),
(261, 34, 'juraichhari', 'Juraichhari', 'juraichhari', NULL, NULL, NULL, 1, 0, '2022-01-10 16:28:42', '2022-01-10 16:28:42'),
(262, 34, 'kaptai', 'Kaptai', 'kaptai', NULL, NULL, NULL, 1, 0, '2022-01-10 16:28:42', '2022-01-10 16:28:42'),
(263, 34, 'kawkhali', 'Kawkhali', 'kawkhali', NULL, NULL, NULL, 1, 0, '2022-01-10 16:28:42', '2022-01-10 16:28:42'),
(264, 34, 'langadu', 'Langadu', 'langadu', NULL, NULL, NULL, 1, 0, '2022-01-10 16:28:42', '2022-01-10 16:28:42'),
(265, 34, 'naniyachar', 'Naniyachar', 'naniyachar', NULL, NULL, NULL, 1, 0, '2022-01-10 16:28:42', '2022-01-10 16:28:42'),
(266, 34, 'rajasthali', 'Rajasthali', 'rajasthali', NULL, NULL, NULL, 1, 0, '2022-01-10 16:28:42', '2022-01-10 16:28:42'),
(267, 34, 'rangamati-sadar', 'Rangamati Sadar', 'rangamati-sadar', NULL, NULL, NULL, 1, 0, '2022-01-10 16:28:42', '2022-01-10 16:28:42'),
(268, 35, 'bagerhat-sadar', 'Bagerhat Sadar', 'bagerhat-sadar', NULL, NULL, NULL, 1, 0, '2022-01-10 16:28:48', '2022-01-10 16:28:48'),
(269, 35, 'chitalmari', 'Chitalmari', 'chitalmari', NULL, NULL, NULL, 1, 0, '2022-01-10 16:28:48', '2022-01-10 16:28:48'),
(270, 35, 'fakirhat', 'Fakirhat', 'fakirhat', NULL, NULL, NULL, 1, 0, '2022-01-10 16:28:48', '2022-01-10 16:28:48'),
(271, 35, 'kachua', 'Kachua', 'kachua', NULL, NULL, NULL, 1, 0, '2022-01-10 16:28:48', '2022-01-10 16:28:48'),
(272, 35, 'mollahat', 'Mollahat', 'mollahat', NULL, NULL, NULL, 1, 0, '2022-01-10 16:28:48', '2022-01-10 16:28:48'),
(273, 35, 'mongla', 'Mongla', 'mongla', NULL, NULL, NULL, 1, 0, '2022-01-10 16:28:48', '2022-01-10 16:28:48'),
(274, 35, 'morrelganj', 'Morrelganj', 'morrelganj', NULL, NULL, NULL, 1, 0, '2022-01-10 16:28:48', '2022-01-10 16:28:48'),
(275, 35, 'rampal', 'Rampal', 'rampal', NULL, NULL, NULL, 1, 0, '2022-01-10 16:28:48', '2022-01-10 16:28:48'),
(276, 35, 'sarankhola', 'Sarankhola', 'sarankhola', NULL, NULL, NULL, 1, 0, '2022-01-10 16:28:48', '2022-01-10 16:28:48'),
(277, 36, 'alamdanga', 'Alamdanga', 'alamdanga', NULL, NULL, NULL, 1, 0, '2022-01-10 16:28:48', '2022-01-10 16:28:48'),
(278, 36, 'chuadanga-sadar', 'Chuadanga Sadar', 'chuadanga-sadar', NULL, NULL, NULL, 1, 0, '2022-01-10 16:28:48', '2022-01-10 16:28:48'),
(279, 36, 'damurhuda', 'Damurhuda', 'damurhuda', NULL, NULL, NULL, 1, 0, '2022-01-10 16:28:48', '2022-01-10 16:28:48'),
(280, 36, 'jibannagar', 'Jibannagar', 'jibannagar', NULL, NULL, NULL, 1, 0, '2022-01-10 16:28:48', '2022-01-10 16:28:48'),
(281, 37, 'abhaynagar', 'Abhaynagar', 'abhaynagar', NULL, NULL, NULL, 1, 0, '2022-01-10 16:28:48', '2022-01-10 16:28:48'),
(282, 37, 'bagherpara', 'Bagherpara', 'bagherpara', NULL, NULL, NULL, 1, 0, '2022-01-10 16:28:48', '2022-01-10 16:28:48'),
(283, 37, 'chaugachha', 'Chaugachha', 'chaugachha', NULL, NULL, NULL, 1, 0, '2022-01-10 16:28:48', '2022-01-10 16:28:48'),
(284, 37, 'jhikargachha', 'Jhikargachha', 'jhikargachha', NULL, NULL, NULL, 1, 0, '2022-01-10 16:28:48', '2022-01-10 16:28:48'),
(285, 37, 'keshabpur', 'Keshabpur', 'keshabpur', NULL, NULL, NULL, 1, 0, '2022-01-10 16:28:48', '2022-01-10 16:28:48'),
(286, 37, 'jashore-sadar', 'Jashore Sadar', 'jashore-sadar', NULL, NULL, NULL, 1, 0, '2022-01-10 16:28:48', '2022-01-10 16:28:48'),
(287, 37, 'manirampur', 'Manirampur', 'manirampur', NULL, NULL, NULL, 1, 0, '2022-01-10 16:28:48', '2022-01-10 16:28:48'),
(288, 37, 'sharsha', 'Sharsha', 'sharsha', NULL, NULL, NULL, 1, 0, '2022-01-10 16:28:48', '2022-01-10 16:28:48'),
(289, 38, 'harinakunda', 'Harinakunda', 'harinakunda', NULL, NULL, NULL, 1, 0, '2022-01-10 16:28:48', '2022-01-10 16:28:48'),
(290, 38, 'jhenaidah-sadar', 'Jhenaidah Sadar', 'jhenaidah-sadar', NULL, NULL, NULL, 1, 0, '2022-01-10 16:28:48', '2022-01-10 16:28:48'),
(291, 38, 'kaliganj', 'Kaliganj', 'kaliganj', NULL, NULL, NULL, 1, 0, '2022-01-10 16:28:48', '2022-01-10 16:28:48'),
(292, 38, 'kotchandpur', 'Kotchandpur', 'kotchandpur', NULL, NULL, NULL, 1, 0, '2022-01-10 16:28:48', '2022-01-10 16:28:48'),
(293, 38, 'maheshpur', 'Maheshpur', 'maheshpur', NULL, NULL, NULL, 1, 0, '2022-01-10 16:28:48', '2022-01-10 16:28:48'),
(294, 38, 'shailkupa', 'Shailkupa', 'shailkupa', NULL, NULL, NULL, 1, 0, '2022-01-10 16:28:48', '2022-01-10 16:28:48'),
(295, 39, 'batiaghata', 'Batiaghata', 'batiaghata', NULL, NULL, NULL, 1, 0, '2022-01-10 16:28:48', '2022-01-10 16:28:48'),
(296, 39, 'dacope', 'Dacope', 'dacope', NULL, NULL, NULL, 1, 0, '2022-01-10 16:28:48', '2022-01-10 16:28:48'),
(297, 39, 'dumuria', 'Dumuria', 'dumuria', NULL, NULL, NULL, 1, 0, '2022-01-10 16:28:48', '2022-01-10 16:28:48'),
(298, 39, 'dighalia', 'Dighalia', 'dighalia', NULL, NULL, NULL, 1, 0, '2022-01-10 16:28:48', '2022-01-10 16:28:48'),
(299, 39, 'koyra', 'Koyra', 'koyra', NULL, NULL, NULL, 1, 0, '2022-01-10 16:28:48', '2022-01-10 16:28:48'),
(300, 39, 'paikgachha', 'Paikgachha', 'paikgachha', NULL, NULL, NULL, 1, 0, '2022-01-10 16:28:48', '2022-01-10 16:28:48'),
(301, 39, 'phultala', 'Phultala', 'phultala', NULL, NULL, NULL, 1, 0, '2022-01-10 16:28:48', '2022-01-10 16:28:48'),
(302, 39, 'rupsha', 'Rupsha', 'rupsha', NULL, NULL, NULL, 1, 0, '2022-01-10 16:28:48', '2022-01-10 16:28:48'),
(303, 39, 'terokhada', 'Terokhada', 'terokhada', NULL, NULL, NULL, 1, 0, '2022-01-10 16:28:48', '2022-01-10 16:28:48'),
(304, 40, 'bheramara', 'Bheramara', 'bheramara', NULL, NULL, NULL, 1, 0, '2022-01-10 16:28:48', '2022-01-10 16:28:48'),
(305, 40, 'daulatpur', 'Daulatpur', 'daulatpur', NULL, NULL, NULL, 1, 0, '2022-01-10 16:28:48', '2022-01-10 16:28:48'),
(306, 40, 'khoksa', 'Khoksa', 'khoksa', NULL, NULL, NULL, 1, 0, '2022-01-10 16:28:48', '2022-01-10 16:28:48'),
(307, 40, 'kumarkhali', 'Kumarkhali', 'kumarkhali', NULL, NULL, NULL, 1, 0, '2022-01-10 16:28:48', '2022-01-10 16:28:48'),
(308, 40, 'kushtia-sadar', 'Kushtia Sadar', 'kushtia-sadar', NULL, NULL, NULL, 1, 0, '2022-01-10 16:28:48', '2022-01-10 16:28:48'),
(309, 40, 'mirpur', 'Mirpur', 'mirpur', NULL, NULL, NULL, 1, 0, '2022-01-10 16:28:49', '2022-01-10 16:28:49'),
(310, 41, 'magura-sadar', 'Magura Sadar', 'magura-sadar', NULL, NULL, NULL, 1, 0, '2022-01-10 16:28:49', '2022-01-10 16:28:49'),
(311, 41, 'mohammadpur', 'Mohammadpur', 'mohammadpur', NULL, NULL, NULL, 1, 0, '2022-01-10 16:28:49', '2022-01-10 16:28:49'),
(312, 41, 'shalikha', 'Shalikha', 'shalikha', NULL, NULL, NULL, 1, 0, '2022-01-10 16:28:49', '2022-01-10 16:28:49'),
(313, 41, 'sreepur', 'Sreepur', 'sreepur', NULL, NULL, NULL, 1, 0, '2022-01-10 16:28:49', '2022-01-10 16:28:49'),
(314, 42, 'gangni', 'Gangni', 'gangni', NULL, NULL, NULL, 1, 0, '2022-01-10 16:28:49', '2022-01-10 16:28:49'),
(315, 42, 'meherpur-sadar', 'Meherpur Sadar', 'meherpur-sadar', NULL, NULL, NULL, 1, 0, '2022-01-10 16:28:49', '2022-01-10 16:28:49'),
(316, 42, 'mujibnagar', 'Mujibnagar', 'mujibnagar', NULL, NULL, NULL, 1, 0, '2022-01-10 16:28:49', '2022-01-10 16:28:49'),
(317, 43, 'kalia', 'Kalia', 'kalia', NULL, NULL, NULL, 1, 0, '2022-01-10 16:28:49', '2022-01-10 16:28:49'),
(318, 43, 'lohagara', 'Lohagara', 'lohagara', NULL, NULL, NULL, 1, 0, '2022-01-10 16:28:49', '2022-01-10 16:28:49'),
(319, 43, 'narail-sadar', 'Narail Sadar', 'narail-sadar', NULL, NULL, NULL, 1, 0, '2022-01-10 16:28:49', '2022-01-10 16:28:49'),
(320, 44, 'assasuni', 'Assasuni', 'assasuni', NULL, NULL, NULL, 1, 0, '2022-01-10 16:28:49', '2022-01-10 16:28:49'),
(321, 44, 'debhata', 'Debhata', 'debhata', NULL, NULL, NULL, 1, 0, '2022-01-10 16:28:49', '2022-01-10 16:28:49'),
(322, 44, 'kalaroa', 'Kalaroa', 'kalaroa', NULL, NULL, NULL, 1, 0, '2022-01-10 16:28:49', '2022-01-10 16:28:49'),
(323, 44, 'kaliganj', 'Kaliganj', 'kaliganj', NULL, NULL, NULL, 1, 0, '2022-01-10 16:28:49', '2022-01-10 16:28:49'),
(324, 44, 'satkhira-sadar', 'Satkhira Sadar', 'satkhira-sadar', NULL, NULL, NULL, 1, 0, '2022-01-10 16:28:49', '2022-01-10 16:28:49'),
(325, 44, 'shyamnagar', 'Shyamnagar', 'shyamnagar', NULL, NULL, NULL, 1, 0, '2022-01-10 16:28:49', '2022-01-10 16:28:49'),
(326, 44, 'tala', 'Tala', 'tala', NULL, NULL, NULL, 1, 0, '2022-01-10 16:28:49', '2022-01-10 16:28:49'),
(327, 45, 'adamdighi', 'Adamdighi', 'adamdighi', NULL, NULL, NULL, 1, 0, '2022-01-10 16:28:54', '2022-01-10 16:28:54'),
(328, 45, 'bogura-sadar', 'Bogura Sadar', 'bogura-sadar', NULL, NULL, NULL, 1, 0, '2022-01-10 16:28:54', '2022-01-10 16:28:54'),
(329, 45, 'dhunat', 'Dhunat', 'dhunat', NULL, NULL, NULL, 1, 0, '2022-01-10 16:28:54', '2022-01-10 16:28:54'),
(330, 45, 'dhupchanchia', 'Dhupchanchia', 'dhupchanchia', NULL, NULL, NULL, 1, 0, '2022-01-10 16:28:54', '2022-01-10 16:28:54'),
(331, 45, 'gabtali', 'Gabtali', 'gabtali', NULL, NULL, NULL, 1, 0, '2022-01-10 16:28:54', '2022-01-10 16:28:54'),
(332, 45, 'kahaloo', 'Kahaloo', 'kahaloo', NULL, NULL, NULL, 1, 0, '2022-01-10 16:28:54', '2022-01-10 16:28:54'),
(333, 45, 'nandigram', 'Nandigram', 'nandigram', NULL, NULL, NULL, 1, 0, '2022-01-10 16:28:54', '2022-01-10 16:28:54'),
(334, 45, 'sariakandi', 'Sariakandi', 'sariakandi', NULL, NULL, NULL, 1, 0, '2022-01-10 16:28:54', '2022-01-10 16:28:54'),
(335, 45, 'shajahanpur', 'Shajahanpur', 'shajahanpur', NULL, NULL, NULL, 1, 0, '2022-01-10 16:28:54', '2022-01-10 16:28:54'),
(336, 45, 'sherpur', 'Sherpur', 'sherpur', NULL, NULL, NULL, 1, 0, '2022-01-10 16:28:54', '2022-01-10 16:28:54'),
(337, 45, 'shibganj', 'Shibganj', 'shibganj', NULL, NULL, NULL, 1, 0, '2022-01-10 16:28:54', '2022-01-10 16:28:54'),
(338, 45, 'sonatola', 'Sonatola', 'sonatola', NULL, NULL, NULL, 1, 0, '2022-01-10 16:28:54', '2022-01-10 16:28:54'),
(339, 46, 'bholahat', 'Bholahat', 'bholahat', NULL, NULL, NULL, 1, 0, '2022-01-10 16:28:54', '2022-01-10 16:28:54'),
(340, 46, 'gomastapur', 'Gomastapur', 'gomastapur', NULL, NULL, NULL, 1, 0, '2022-01-10 16:28:54', '2022-01-10 16:28:54'),
(341, 46, 'nachole', 'Nachole', 'nachole', NULL, NULL, NULL, 1, 0, '2022-01-10 16:28:54', '2022-01-10 16:28:54'),
(342, 46, 'chapai-nawabganj-sadar', 'Chapai Nawabganj Sadar', 'chapai-nawabganj-sadar', NULL, NULL, NULL, 1, 0, '2022-01-10 16:28:54', '2022-01-10 16:28:54'),
(343, 46, 'shibganj', 'Shibganj', 'shibganj', NULL, NULL, NULL, 1, 0, '2022-01-10 16:28:54', '2022-01-10 16:28:54'),
(344, 47, 'akkelpur', 'Akkelpur', 'akkelpur', NULL, NULL, NULL, 1, 0, '2022-01-10 16:28:54', '2022-01-10 16:28:54'),
(345, 47, 'joypurhat-sadar', 'Joypurhat Sadar', 'joypurhat-sadar', NULL, NULL, NULL, 1, 0, '2022-01-10 16:28:54', '2022-01-10 16:28:54'),
(346, 47, 'kalai', 'Kalai', 'kalai', NULL, NULL, NULL, 1, 0, '2022-01-10 16:28:54', '2022-01-10 16:28:54'),
(347, 47, 'khetlal', 'Khetlal', 'khetlal', NULL, NULL, NULL, 1, 0, '2022-01-10 16:28:54', '2022-01-10 16:28:54'),
(348, 47, 'panchbibi', 'Panchbibi', 'panchbibi', NULL, NULL, NULL, 1, 0, '2022-01-10 16:28:54', '2022-01-10 16:28:54'),
(349, 48, 'atrai', 'Atrai', 'atrai', NULL, NULL, NULL, 1, 0, '2022-01-10 16:28:54', '2022-01-10 16:28:54'),
(350, 48, 'badalgachhi', 'Badalgachhi', 'badalgachhi', NULL, NULL, NULL, 1, 0, '2022-01-10 16:28:54', '2022-01-10 16:28:54'),
(351, 48, 'manda', 'Manda', 'manda', NULL, NULL, NULL, 1, 0, '2022-01-10 16:28:54', '2022-01-10 16:28:54'),
(352, 48, 'dhamoirhat', 'Dhamoirhat', 'dhamoirhat', NULL, NULL, NULL, 1, 0, '2022-01-10 16:28:54', '2022-01-10 16:28:54'),
(353, 48, 'mohadevpur', 'Mohadevpur', 'mohadevpur', NULL, NULL, NULL, 1, 0, '2022-01-10 16:28:54', '2022-01-10 16:28:54'),
(354, 48, 'naogaon-sadar', 'Naogaon Sadar', 'naogaon-sadar', NULL, NULL, NULL, 1, 0, '2022-01-10 16:28:54', '2022-01-10 16:28:54'),
(355, 48, 'niamatpur', 'Niamatpur', 'niamatpur', NULL, NULL, NULL, 1, 0, '2022-01-10 16:28:54', '2022-01-10 16:28:54'),
(356, 48, 'patnitala', 'Patnitala', 'patnitala', NULL, NULL, NULL, 1, 0, '2022-01-10 16:28:54', '2022-01-10 16:28:54'),
(357, 48, 'porsha', 'Porsha', 'porsha', NULL, NULL, NULL, 1, 0, '2022-01-10 16:28:54', '2022-01-10 16:28:54'),
(358, 48, 'raninagar', 'Raninagar', 'raninagar', NULL, NULL, NULL, 1, 0, '2022-01-10 16:28:54', '2022-01-10 16:28:54'),
(359, 48, 'sapahar', 'Sapahar', 'sapahar', NULL, NULL, NULL, 1, 0, '2022-01-10 16:28:54', '2022-01-10 16:28:54'),
(360, 49, 'bagatipara', 'Bagatipara', 'bagatipara', NULL, NULL, NULL, 1, 0, '2022-01-10 16:28:54', '2022-01-10 16:28:54'),
(361, 49, 'baraigram', 'Baraigram', 'baraigram', NULL, NULL, NULL, 1, 0, '2022-01-10 16:28:54', '2022-01-10 16:28:54'),
(362, 49, 'gurudaspur', 'Gurudaspur', 'gurudaspur', NULL, NULL, NULL, 1, 0, '2022-01-10 16:28:54', '2022-01-10 16:28:54'),
(363, 49, 'lalpur', 'Lalpur', 'lalpur', NULL, NULL, NULL, 1, 0, '2022-01-10 16:28:54', '2022-01-10 16:28:54'),
(364, 49, 'natore-sadar', 'Natore Sadar', 'natore-sadar', NULL, NULL, NULL, 1, 0, '2022-01-10 16:28:54', '2022-01-10 16:28:54'),
(365, 49, 'singra', 'Singra', 'singra', NULL, NULL, NULL, 1, 0, '2022-01-10 16:28:54', '2022-01-10 16:28:54'),
(366, 49, 'naldanga', 'Naldanga', 'naldanga', NULL, NULL, NULL, 1, 0, '2022-01-10 16:28:54', '2022-01-10 16:28:54'),
(367, 50, 'atgharia', 'Atgharia', 'atgharia', NULL, NULL, NULL, 1, 0, '2022-01-10 16:28:54', '2022-01-10 16:28:54'),
(368, 50, 'bera', 'Bera', 'bera', NULL, NULL, NULL, 1, 0, '2022-01-10 16:28:54', '2022-01-10 16:28:54'),
(369, 50, 'bhangura', 'Bhangura', 'bhangura', NULL, NULL, NULL, 1, 0, '2022-01-10 16:28:54', '2022-01-10 16:28:54'),
(370, 50, 'chatmohar', 'Chatmohar', 'chatmohar', NULL, NULL, NULL, 1, 0, '2022-01-10 16:28:54', '2022-01-10 16:28:54'),
(371, 50, 'faridpur', 'Faridpur', 'faridpur', NULL, NULL, NULL, 1, 0, '2022-01-10 16:28:54', '2022-01-10 16:28:54'),
(372, 50, 'ishwardi', 'Ishwardi', 'ishwardi', NULL, NULL, NULL, 1, 0, '2022-01-10 16:28:54', '2022-01-10 16:28:54'),
(373, 50, 'pabna-sadar', 'Pabna Sadar', 'pabna-sadar', NULL, NULL, NULL, 1, 0, '2022-01-10 16:28:54', '2022-01-10 16:28:54'),
(374, 50, 'santhia', 'Santhia', 'santhia', NULL, NULL, NULL, 1, 0, '2022-01-10 16:28:54', '2022-01-10 16:28:54'),
(375, 50, 'sujanagar', 'Sujanagar', 'sujanagar', NULL, NULL, NULL, 1, 0, '2022-01-10 16:28:54', '2022-01-10 16:28:54'),
(376, 51, 'bagha', 'Bagha', 'bagha', NULL, NULL, NULL, 1, 0, '2022-01-10 16:28:54', '2022-01-10 16:28:54'),
(377, 51, 'bagmara', 'Bagmara', 'bagmara', NULL, NULL, NULL, 1, 0, '2022-01-10 16:28:54', '2022-01-10 16:28:54'),
(378, 51, 'charghat', 'Charghat', 'charghat', NULL, NULL, NULL, 1, 0, '2022-01-10 16:28:54', '2022-01-10 16:28:54'),
(379, 51, 'durgapur', 'Durgapur', 'durgapur', NULL, NULL, NULL, 1, 0, '2022-01-10 16:28:54', '2022-01-10 16:28:54'),
(380, 51, 'godagari', 'Godagari', 'godagari', NULL, NULL, NULL, 1, 0, '2022-01-10 16:28:54', '2022-01-10 16:28:54'),
(381, 51, 'mohanpur', 'Mohanpur', 'mohanpur', NULL, NULL, NULL, 1, 0, '2022-01-10 16:28:54', '2022-01-10 16:28:54'),
(382, 51, 'paba', 'Paba', 'paba', NULL, NULL, NULL, 1, 0, '2022-01-10 16:28:54', '2022-01-10 16:28:54'),
(383, 51, 'puthia', 'Puthia', 'puthia', NULL, NULL, NULL, 1, 0, '2022-01-10 16:28:54', '2022-01-10 16:28:54'),
(384, 51, 'tanore', 'Tanore', 'tanore', NULL, NULL, NULL, 1, 0, '2022-01-10 16:28:54', '2022-01-10 16:28:54'),
(385, 52, 'belkuchi', 'Belkuchi', 'belkuchi', NULL, NULL, NULL, 1, 0, '2022-01-10 16:28:54', '2022-01-10 16:28:54'),
(386, 52, 'chauhali', 'Chauhali', 'chauhali', NULL, NULL, NULL, 1, 0, '2022-01-10 16:28:54', '2022-01-10 16:28:54'),
(387, 52, 'kamarkhanda', 'Kamarkhanda', 'kamarkhanda', NULL, NULL, NULL, 1, 0, '2022-01-10 16:28:54', '2022-01-10 16:28:54'),
(388, 52, 'kazipur', 'Kazipur', 'kazipur', NULL, NULL, NULL, 1, 0, '2022-01-10 16:28:54', '2022-01-10 16:28:54'),
(389, 52, 'raiganj', 'Raiganj', 'raiganj', NULL, NULL, NULL, 1, 0, '2022-01-10 16:28:54', '2022-01-10 16:28:54'),
(390, 52, 'shahjadpur', 'Shahjadpur', 'shahjadpur', NULL, NULL, NULL, 1, 0, '2022-01-10 16:28:54', '2022-01-10 16:28:54'),
(391, 52, 'sirajganj-sadar', 'Sirajganj Sadar', 'sirajganj-sadar', NULL, NULL, NULL, 1, 0, '2022-01-10 16:28:54', '2022-01-10 16:28:54'),
(392, 52, 'tarash', 'Tarash', 'tarash', NULL, NULL, NULL, 1, 0, '2022-01-10 16:28:54', '2022-01-10 16:28:54'),
(393, 52, 'ullahpara', 'Ullahpara', 'ullahpara', NULL, NULL, NULL, 1, 0, '2022-01-10 16:28:54', '2022-01-10 16:28:54'),
(394, 53, 'birampur', 'Birampur', 'birampur', NULL, NULL, NULL, 1, 0, '2022-01-10 16:29:00', '2022-01-10 16:29:00'),
(395, 53, 'birganj', 'Birganj', 'birganj', NULL, NULL, NULL, 1, 0, '2022-01-10 16:29:00', '2022-01-10 16:29:00'),
(396, 53, 'biral', 'Biral', 'biral', NULL, NULL, NULL, 1, 0, '2022-01-10 16:29:00', '2022-01-10 16:29:00'),
(397, 53, 'bochaganj', 'Bochaganj', 'bochaganj', NULL, NULL, NULL, 1, 0, '2022-01-10 16:29:00', '2022-01-10 16:29:00'),
(398, 53, 'chirirbandar', 'Chirirbandar', 'chirirbandar', NULL, NULL, NULL, 1, 0, '2022-01-10 16:29:00', '2022-01-10 16:29:00'),
(399, 53, 'dinajpur-sadar', 'Dinajpur Sadar', 'dinajpur-sadar', NULL, NULL, NULL, 1, 0, '2022-01-10 16:29:00', '2022-01-10 16:29:00'),
(400, 53, 'ghoraghat', 'Ghoraghat', 'ghoraghat', NULL, NULL, NULL, 1, 0, '2022-01-10 16:29:00', '2022-01-10 16:29:00'),
(401, 53, 'hakimpur', 'Hakimpur', 'hakimpur', NULL, NULL, NULL, 1, 0, '2022-01-10 16:29:00', '2022-01-10 16:29:00'),
(402, 53, 'kaharole', 'Kaharole', 'kaharole', NULL, NULL, NULL, 1, 0, '2022-01-10 16:29:00', '2022-01-10 16:29:00'),
(403, 53, 'khansama', 'Khansama', 'khansama', NULL, NULL, NULL, 1, 0, '2022-01-10 16:29:01', '2022-01-10 16:29:01'),
(404, 53, 'nawabganj', 'Nawabganj', 'nawabganj', NULL, NULL, NULL, 1, 0, '2022-01-10 16:29:01', '2022-01-10 16:29:01'),
(405, 53, 'parbatipur', 'Parbatipur', 'parbatipur', NULL, NULL, NULL, 1, 0, '2022-01-10 16:29:01', '2022-01-10 16:29:01'),
(406, 53, 'phulbari', 'Phulbari', 'phulbari', NULL, NULL, NULL, 1, 0, '2022-01-10 16:29:01', '2022-01-10 16:29:01'),
(407, 54, 'phulchhari', 'Phulchhari', 'phulchhari', NULL, NULL, NULL, 1, 0, '2022-01-10 16:29:01', '2022-01-10 16:29:01'),
(408, 54, 'gaibandha-sadar', 'Gaibandha Sadar', 'gaibandha-sadar', NULL, NULL, NULL, 1, 0, '2022-01-10 16:29:01', '2022-01-10 16:29:01'),
(409, 54, 'gobindaganj', 'Gobindaganj', 'gobindaganj', NULL, NULL, NULL, 1, 0, '2022-01-10 16:29:01', '2022-01-10 16:29:01'),
(410, 54, 'palashbari', 'Palashbari', 'palashbari', NULL, NULL, NULL, 1, 0, '2022-01-10 16:29:01', '2022-01-10 16:29:01'),
(411, 54, 'sadullapur', 'Sadullapur', 'sadullapur', NULL, NULL, NULL, 1, 0, '2022-01-10 16:29:01', '2022-01-10 16:29:01'),
(412, 54, 'sughatta', 'Sughatta', 'sughatta', NULL, NULL, NULL, 1, 0, '2022-01-10 16:29:01', '2022-01-10 16:29:01'),
(413, 54, 'sundarganj', 'Sundarganj', 'sundarganj', NULL, NULL, NULL, 1, 0, '2022-01-10 16:29:01', '2022-01-10 16:29:01'),
(414, 55, 'bhurungamari', 'Bhurungamari', 'bhurungamari', NULL, NULL, NULL, 1, 0, '2022-01-10 16:29:01', '2022-01-10 16:29:01'),
(415, 55, 'char-rajibpur', 'Char Rajibpur', 'char-rajibpur', NULL, NULL, NULL, 1, 0, '2022-01-10 16:29:01', '2022-01-10 16:29:01'),
(416, 55, 'chilmari', 'Chilmari', 'chilmari', NULL, NULL, NULL, 1, 0, '2022-01-10 16:29:01', '2022-01-10 16:29:01'),
(417, 55, 'kurigram-sadar', 'Kurigram Sadar', 'kurigram-sadar', NULL, NULL, NULL, 1, 0, '2022-01-10 16:29:01', '2022-01-10 16:29:01'),
(418, 55, 'nageshwari', 'Nageshwari', 'nageshwari', NULL, NULL, NULL, 1, 0, '2022-01-10 16:29:01', '2022-01-10 16:29:01'),
(419, 55, 'phulbari', 'Phulbari', 'phulbari', NULL, NULL, NULL, 1, 0, '2022-01-10 16:29:01', '2022-01-10 16:29:01'),
(420, 55, 'rajarhat', 'Rajarhat', 'rajarhat', NULL, NULL, NULL, 1, 0, '2022-01-10 16:29:01', '2022-01-10 16:29:01'),
(421, 55, 'raomari', 'Raomari', 'raomari', NULL, NULL, NULL, 1, 0, '2022-01-10 16:29:01', '2022-01-10 16:29:01'),
(422, 55, 'ulipur', 'Ulipur', 'ulipur', NULL, NULL, NULL, 1, 0, '2022-01-10 16:29:01', '2022-01-10 16:29:01');
INSERT INTO `thanas` (`id`, `district_id`, `slug`, `thana`, `bnthana`, `screma`, `metadescription`, `photo`, `status`, `view`, `created_at`, `updated_at`) VALUES
(423, 56, 'aditmari', 'Aditmari', 'aditmari', NULL, NULL, NULL, 1, 0, '2022-01-10 16:29:01', '2022-01-10 16:29:01'),
(424, 56, 'hatibandha', 'Hatibandha', 'hatibandha', NULL, NULL, NULL, 1, 0, '2022-01-10 16:29:01', '2022-01-10 16:29:01'),
(425, 56, 'kaliganj', 'Kaliganj', 'kaliganj', NULL, NULL, NULL, 1, 0, '2022-01-10 16:29:01', '2022-01-10 16:29:01'),
(426, 56, 'lalmonirhat-sadar', 'Lalmonirhat Sadar', 'lalmonirhat-sadar', NULL, NULL, NULL, 1, 0, '2022-01-10 16:29:01', '2022-01-10 16:29:01'),
(427, 56, 'patgram', 'Patgram', 'patgram', NULL, NULL, NULL, 1, 0, '2022-01-10 16:29:01', '2022-01-10 16:29:01'),
(428, 57, 'dimla', 'Dimla', 'dimla', NULL, NULL, NULL, 1, 0, '2022-01-10 16:29:01', '2022-01-10 16:29:01'),
(429, 57, 'domar', 'Domar', 'domar', NULL, NULL, NULL, 1, 0, '2022-01-10 16:29:01', '2022-01-10 16:29:01'),
(430, 57, 'jaldhaka', 'Jaldhaka', 'jaldhaka', NULL, NULL, NULL, 1, 0, '2022-01-10 16:29:01', '2022-01-10 16:29:01'),
(431, 57, 'kishoreganj', 'Kishoreganj', 'kishoreganj', NULL, NULL, NULL, 1, 0, '2022-01-10 16:29:01', '2022-01-10 16:29:01'),
(432, 57, 'nilphamari-sadar', 'Nilphamari Sadar', 'nilphamari-sadar', NULL, NULL, NULL, 1, 0, '2022-01-10 16:29:01', '2022-01-10 16:29:01'),
(433, 57, 'saidpur', 'Saidpur', 'saidpur', NULL, NULL, NULL, 1, 0, '2022-01-10 16:29:01', '2022-01-10 16:29:01'),
(434, 58, 'atwari', 'Atwari', 'atwari', NULL, NULL, NULL, 1, 0, '2022-01-10 16:29:01', '2022-01-10 16:29:01'),
(435, 58, 'boda', 'Boda', 'boda', NULL, NULL, NULL, 1, 0, '2022-01-10 16:29:01', '2022-01-10 16:29:01'),
(436, 58, 'debiganj', 'Debiganj', 'debiganj', NULL, NULL, NULL, 1, 0, '2022-01-10 16:29:01', '2022-01-10 16:29:01'),
(437, 58, 'panchagarh-sadar', 'Panchagarh Sadar', 'panchagarh-sadar', NULL, NULL, NULL, 1, 0, '2022-01-10 16:29:01', '2022-01-10 16:29:01'),
(438, 58, 'tetulia', 'Tetulia', 'tetulia', NULL, NULL, NULL, 1, 0, '2022-01-10 16:29:01', '2022-01-10 16:29:01'),
(439, 59, 'badarganj', 'Badarganj', 'badarganj', NULL, NULL, NULL, 1, 0, '2022-01-10 16:29:01', '2022-01-10 16:29:01'),
(440, 59, 'gangachhara', 'Gangachhara', 'gangachhara', NULL, NULL, NULL, 1, 0, '2022-01-10 16:29:01', '2022-01-10 16:29:01'),
(441, 59, 'kaunia', 'Kaunia', 'kaunia', NULL, NULL, NULL, 1, 0, '2022-01-10 16:29:01', '2022-01-10 16:29:01'),
(442, 59, 'mithapukur', 'Mithapukur', 'mithapukur', NULL, NULL, NULL, 1, 0, '2022-01-10 16:29:01', '2022-01-10 16:29:01'),
(443, 59, 'pirgachha', 'Pirgachha', 'pirgachha', NULL, NULL, NULL, 1, 0, '2022-01-10 16:29:01', '2022-01-10 16:29:01'),
(444, 59, 'pirganj', 'Pirganj', 'pirganj', NULL, NULL, NULL, 1, 0, '2022-01-10 16:29:01', '2022-01-10 16:29:01'),
(445, 59, 'rangpur-sadar', 'Rangpur Sadar', 'rangpur-sadar', NULL, NULL, NULL, 1, 0, '2022-01-10 16:29:01', '2022-01-10 16:29:01'),
(446, 59, 'taraganj', 'Taraganj', 'taraganj', NULL, NULL, NULL, 1, 0, '2022-01-10 16:29:01', '2022-01-10 16:29:01'),
(447, 60, 'baliadangi', 'Baliadangi', 'baliadangi', NULL, NULL, NULL, 1, 0, '2022-01-10 16:29:01', '2022-01-10 16:29:01'),
(448, 60, 'haripur', 'Haripur', 'haripur', NULL, NULL, NULL, 1, 0, '2022-01-10 16:29:01', '2022-01-10 16:29:01'),
(449, 60, 'pirganj', 'Pirganj', 'pirganj', NULL, NULL, NULL, 1, 0, '2022-01-10 16:29:01', '2022-01-10 16:29:01'),
(450, 60, 'ranisankail', 'Ranisankail', 'ranisankail', NULL, NULL, NULL, 1, 0, '2022-01-10 16:29:01', '2022-01-10 16:29:01'),
(451, 60, 'thakurgaon-sadar', 'Thakurgaon Sadar', 'thakurgaon-sadar', NULL, NULL, NULL, 1, 0, '2022-01-10 16:29:01', '2022-01-10 16:29:01'),
(452, 61, 'ajmiriganj', 'Ajmiriganj', 'ajmiriganj', NULL, NULL, NULL, 1, 0, '2022-01-10 16:29:04', '2022-01-10 16:29:04'),
(453, 61, 'bahubal', 'Bahubal', 'bahubal', NULL, NULL, NULL, 1, 0, '2022-01-10 16:29:04', '2022-01-10 16:29:04'),
(454, 61, 'baniyachong', 'Baniyachong', 'baniyachong', NULL, NULL, NULL, 1, 0, '2022-01-10 16:29:04', '2022-01-10 16:29:04'),
(455, 61, 'chunarughat', 'Chunarughat', 'chunarughat', NULL, NULL, NULL, 1, 0, '2022-01-10 16:29:04', '2022-01-10 16:29:04'),
(456, 61, 'habiganj-sadar', 'Habiganj Sadar', 'habiganj-sadar', NULL, NULL, NULL, 1, 0, '2022-01-10 16:29:04', '2022-01-10 16:29:04'),
(457, 61, 'lakhai', 'Lakhai', 'lakhai', NULL, NULL, NULL, 1, 0, '2022-01-10 16:29:04', '2022-01-10 16:29:04'),
(458, 61, 'madhabpur', 'Madhabpur', 'madhabpur', NULL, NULL, NULL, 1, 0, '2022-01-10 16:29:04', '2022-01-10 16:29:04'),
(459, 61, 'nabiganj', 'Nabiganj', 'nabiganj', NULL, NULL, NULL, 1, 0, '2022-01-10 16:29:04', '2022-01-10 16:29:04'),
(460, 61, 'sayestaganj', 'Sayestaganj', 'sayestaganj', NULL, NULL, NULL, 1, 0, '2022-01-10 16:29:04', '2022-01-10 16:29:04'),
(461, 62, 'barlekha', 'Barlekha', 'barlekha', NULL, NULL, NULL, 1, 0, '2022-01-10 16:29:05', '2022-01-10 16:29:05'),
(462, 62, 'juri', 'Juri', 'juri', NULL, NULL, NULL, 1, 0, '2022-01-10 16:29:05', '2022-01-10 16:29:05'),
(463, 62, 'kamalganj', 'Kamalganj', 'kamalganj', NULL, NULL, NULL, 1, 0, '2022-01-10 16:29:05', '2022-01-10 16:29:05'),
(464, 62, 'kulaura', 'Kulaura', 'kulaura', NULL, NULL, NULL, 1, 0, '2022-01-10 16:29:05', '2022-01-10 16:29:05'),
(465, 62, 'moulvibazar-sadar', 'Moulvibazar Sadar', 'moulvibazar-sadar', NULL, NULL, NULL, 1, 0, '2022-01-10 16:29:05', '2022-01-10 16:29:05'),
(466, 62, 'rajnagar', 'Rajnagar', 'rajnagar', NULL, NULL, NULL, 1, 0, '2022-01-10 16:29:05', '2022-01-10 16:29:05'),
(467, 62, 'sreemangal', 'Sreemangal', 'sreemangal', NULL, NULL, NULL, 1, 0, '2022-01-10 16:29:05', '2022-01-10 16:29:05'),
(468, 63, 'bishwamvarpur', 'Bishwamvarpur', 'bishwamvarpur', NULL, NULL, NULL, 1, 0, '2022-01-10 16:29:05', '2022-01-10 16:29:05'),
(469, 63, 'chhatak', 'Chhatak', 'chhatak', NULL, NULL, NULL, 1, 0, '2022-01-10 16:29:05', '2022-01-10 16:29:05'),
(470, 63, 'dakshin-sunamganj', 'Dakshin Sunamganj', 'dakshin-sunamganj', NULL, NULL, NULL, 1, 0, '2022-01-10 16:29:05', '2022-01-10 16:29:05'),
(471, 63, 'derai', 'Derai', 'derai', NULL, NULL, NULL, 1, 0, '2022-01-10 16:29:05', '2022-01-10 16:29:05'),
(472, 63, 'dharamapasha', 'Dharamapasha', 'dharamapasha', NULL, NULL, NULL, 1, 0, '2022-01-10 16:29:05', '2022-01-10 16:29:05'),
(473, 63, 'dowarabazar', 'Dowarabazar', 'dowarabazar', NULL, NULL, NULL, 1, 0, '2022-01-10 16:29:05', '2022-01-10 16:29:05'),
(474, 63, 'jagannathpur', 'Jagannathpur', 'jagannathpur', NULL, NULL, NULL, 1, 0, '2022-01-10 16:29:05', '2022-01-10 16:29:05'),
(475, 63, 'jamalganj', 'Jamalganj', 'jamalganj', NULL, NULL, NULL, 1, 0, '2022-01-10 16:29:05', '2022-01-10 16:29:05'),
(476, 63, 'sullah', 'Sullah', 'sullah', NULL, NULL, NULL, 1, 0, '2022-01-10 16:29:05', '2022-01-10 16:29:05'),
(477, 63, 'sunamganj-sadar', 'Sunamganj Sadar', 'sunamganj-sadar', NULL, NULL, NULL, 1, 0, '2022-01-10 16:29:05', '2022-01-10 16:29:05'),
(478, 63, 'tahirpur', 'Tahirpur', 'tahirpur', NULL, NULL, NULL, 1, 0, '2022-01-10 16:29:05', '2022-01-10 16:29:05'),
(479, 64, 'balaganj', 'Balaganj', 'balaganj', NULL, NULL, NULL, 1, 0, '2022-01-10 16:29:05', '2022-01-10 16:29:05'),
(480, 64, 'beanibazar', 'Beanibazar', 'beanibazar', NULL, NULL, NULL, 1, 0, '2022-01-10 16:29:05', '2022-01-10 16:29:05'),
(481, 64, 'bishwanath', 'Bishwanath', 'bishwanath', NULL, NULL, NULL, 1, 0, '2022-01-10 16:29:05', '2022-01-10 16:29:05'),
(482, 64, 'companigonj', 'Companigonj', 'companigonj', NULL, NULL, NULL, 1, 0, '2022-01-10 16:29:05', '2022-01-10 16:29:05'),
(483, 64, 'dakshin-surma', 'Dakshin Surma', 'dakshin-surma', NULL, NULL, NULL, 1, 0, '2022-01-10 16:29:05', '2022-01-10 16:29:05'),
(484, 64, 'fenchuganj', 'Fenchuganj', 'fenchuganj', NULL, NULL, NULL, 1, 0, '2022-01-10 16:29:05', '2022-01-10 16:29:05'),
(485, 64, 'golapganj', 'Golapganj', 'golapganj', NULL, NULL, NULL, 1, 0, '2022-01-10 16:29:05', '2022-01-10 16:29:05'),
(486, 64, 'gowainghat', 'Gowainghat', 'gowainghat', NULL, NULL, NULL, 1, 0, '2022-01-10 16:29:05', '2022-01-10 16:29:05'),
(487, 64, 'jaintiapur', 'Jaintiapur', 'jaintiapur', NULL, NULL, NULL, 1, 0, '2022-01-10 16:29:05', '2022-01-10 16:29:05'),
(488, 64, 'kanaighat', 'Kanaighat', 'kanaighat', NULL, NULL, NULL, 1, 0, '2022-01-10 16:29:05', '2022-01-10 16:29:05'),
(489, 64, 'osmani-nagar', 'Osmani Nagar', 'osmani-nagar', NULL, NULL, NULL, 1, 0, '2022-01-10 16:29:05', '2022-01-10 16:29:05'),
(490, 64, 'sylhet-sadar', 'Sylhet Sadar', 'sylhet-sadar', NULL, NULL, NULL, 1, 0, '2022-01-10 16:29:05', '2022-01-10 16:29:05'),
(491, 64, 'zakiganj', 'Zakiganj', 'zakiganj', NULL, NULL, NULL, 1, 0, '2022-01-10 16:29:05', '2022-01-10 16:29:05');

--
-- Indexes for dumped tables
--

--
-- Indexes for table `districts`
--
ALTER TABLE `districts`
  ADD PRIMARY KEY (`id`),
  ADD UNIQUE KEY `districts_slug_division_id_unique` (`slug`,`division_id`),
  ADD KEY `districts_division_id_foreign` (`division_id`);

--
-- Indexes for table `divisions`
--
ALTER TABLE `divisions`
  ADD PRIMARY KEY (`id`),
  ADD UNIQUE KEY `divisions_slug_country_id_unique` (`slug`,`country_id`),
  ADD KEY `divisions_country_id_foreign` (`country_id`);

--
-- Indexes for table `thanas`
--
ALTER TABLE `thanas`
  ADD PRIMARY KEY (`id`),
  ADD UNIQUE KEY `thanas_slug_district_id_unique` (`slug`,`district_id`),
  ADD KEY `thanas_district_id_foreign` (`district_id`);

--
-- AUTO_INCREMENT for dumped tables
--

--
-- AUTO_INCREMENT for table `districts`
--
ALTER TABLE `districts`
  MODIFY `id` bigint(20) UNSIGNED NOT NULL AUTO_INCREMENT, AUTO_INCREMENT=65;

--
-- AUTO_INCREMENT for table `divisions`
--
ALTER TABLE `divisions`
  MODIFY `id` bigint(20) UNSIGNED NOT NULL AUTO_INCREMENT, AUTO_INCREMENT=9;

--
-- AUTO_INCREMENT for table `thanas`
--
ALTER TABLE `thanas`
  MODIFY `id` bigint(20) UNSIGNED NOT NULL AUTO_INCREMENT, AUTO_INCREMENT=492;

--
-- Constraints for dumped tables
--

--
-- Constraints for table `districts`
--
ALTER TABLE `districts`
  ADD CONSTRAINT `districts_division_id_foreign` FOREIGN KEY (`division_id`) REFERENCES `divisions` (`id`) ON DELETE CASCADE;

--
-- Constraints for table `divisions`
--
ALTER TABLE `divisions`
  ADD CONSTRAINT `divisions_country_id_foreign` FOREIGN KEY (`country_id`) REFERENCES `countries` (`id`) ON DELETE CASCADE;

--
-- Constraints for table `thanas`
--
ALTER TABLE `thanas`
  ADD CONSTRAINT `thanas_district_id_foreign` FOREIGN KEY (`district_id`) REFERENCES `districts` (`id`) ON DELETE CASCADE;
COMMIT;

/*!40101 SET CHARACTER_SET_CLIENT=@OLD_CHARACTER_SET_CLIENT */;
/*!40101 SET CHARACTER_SET_RESULTS=@OLD_CHARACTER_SET_RESULTS */;
/*!40101 SET COLLATION_CONNECTION=@OLD_COLLATION_CONNECTION */;
